song,prev,lyric,next,album,year,artist
Mickey Mouse And The Goodbye Man,,I woke up this morning and I thought what am I doing,Yeah what am I doing here,Grinderman 2,2010,Grinderman
Mickey Mouse And The Goodbye Man,I woke up this morning and I thought what am I doing,Yeah what am I doing here,I woke up this morning and I thought what am I doing,Grinderman 2,2010,Grinderman
Mickey Mouse And The Goodbye Man,Yeah what am I doing here,I woke up this morning and I thought what am I doing,Yeah what am I doing here,Grinderman 2,2010,Grinderman
Mickey Mouse And The Goodbye Man,I woke up this morning and I thought what am I doing,Yeah what am I doing here,"Well my brother, he starts raging!",Grinderman 2,2010,Grinderman
Mickey Mouse And The Goodbye Man,Yeah what am I doing here,"Well my brother, he starts raging!",Watch him rising! See him howling!,Grinderman 2,2010,Grinderman
Mickey Mouse And The Goodbye Man,"Well my brother, he starts raging!",Watch him rising! See him howling!,And he sucked her and he sucked her and he sucked her dry,Grinderman 2,2010,Grinderman
Mickey Mouse And The Goodbye Man,Watch him rising! See him howling!,And he sucked her and he sucked her and he sucked her dry,And he bit at me and bit at me and said goodbye,Grinderman 2,2010,Grinderman
Mickey Mouse And The Goodbye Man,And he sucked her and he sucked her and he sucked her dry,And he bit at me and bit at me and said goodbye,Up on the twenty-ninth floor! Up on the twenty-ninth floor!,Grinderman 2,2010,Grinderman
Mickey Mouse And The Goodbye Man,And he bit at me and bit at me and said goodbye,Up on the twenty-ninth floor! Up on the twenty-ninth floor!,Aoooooow! Aoooooow!,Grinderman 2,2010,Grinderman
Mickey Mouse And The Goodbye Man,Up on the twenty-ninth floor! Up on the twenty-ninth floor!,Aoooooow! Aoooooow!,,Grinderman 2,2010,Grinderman
Mickey Mouse And The Goodbye Man,Aoooooow! Aoooooow!,,"Well, I was lying there with just my brother",Grinderman 2,2010,Grinderman
Mickey Mouse And The Goodbye Man,,"Well, I was lying there with just my brother",We could hear someone rattling the locks,Grinderman 2,2010,Grinderman
Mickey Mouse And The Goodbye Man,"Well, I was lying there with just my brother",We could hear someone rattling the locks,I was lying there with just my brother,Grinderman 2,2010,Grinderman
Mickey Mouse And The Goodbye Man,We could hear someone rattling the locks,I was lying there with just my brother,He said do you think that might be the cops?,Grinderman 2,2010,Grinderman
Mickey Mouse And The Goodbye Man,I was lying there with just my brother,He said do you think that might be the cops?,And we sucked her and we sucked her and we sucked her dry,Grinderman 2,2010,Grinderman
Mickey Mouse And The Goodbye Man,He said do you think that might be the cops?,And we sucked her and we sucked her and we sucked her dry,And we sucked her and we sucked her and we sucked her dry,Grinderman 2,2010,Grinderman
Mickey Mouse And The Goodbye Man,And we sucked her and we sucked her and we sucked her dry,And we sucked her and we sucked her and we sucked her dry,I was Mickey Mouse! He was the big bad wolf!,Grinderman 2,2010,Grinderman
Mickey Mouse And The Goodbye Man,And we sucked her and we sucked her and we sucked her dry,I was Mickey Mouse! He was the big bad wolf!,,Grinderman 2,2010,Grinderman
Mickey Mouse And The Goodbye Man,I was Mickey Mouse! He was the big bad wolf!,,Next thing you know I’m looking down below,Grinderman 2,2010,Grinderman
Mickey Mouse And The Goodbye Man,,Next thing you know I’m looking down below,See a lupine child with her hair on fire,Grinderman 2,2010,Grinderman
Mickey Mouse And The Goodbye Man,Next thing you know I’m looking down below,See a lupine child with her hair on fire,Little burning girl! She’s looking up at me!,Grinderman 2,2010,Grinderman
Mickey Mouse And The Goodbye Man,See a lupine child with her hair on fire,Little burning girl! She’s looking up at me!,Running to the elevator! Getting in the elevator!,Grinderman 2,2010,Grinderman
Mickey Mouse And The Goodbye Man,Little burning girl! She’s looking up at me!,Running to the elevator! Getting in the elevator!,"Sixth floor, seventh floor, eighth floor, nine",Grinderman 2,2010,Grinderman
Mickey Mouse And The Goodbye Man,Running to the elevator! Getting in the elevator!,"Sixth floor, seventh floor, eighth floor, nine","Come on baby,  gonna blow my mind!",Grinderman 2,2010,Grinderman
Mickey Mouse And The Goodbye Man,"Sixth floor, seventh floor, eighth floor, nine","Come on baby,  gonna blow my mind!",Oooooooow!,Grinderman 2,2010,Grinderman
Mickey Mouse And The Goodbye Man,"Come on baby,  gonna blow my mind!",Oooooooow!,,Grinderman 2,2010,Grinderman
Mickey Mouse And The Goodbye Man,Oooooooow!,,"Well, I woke up this morning and he was gone",Grinderman 2,2010,Grinderman
Mickey Mouse And The Goodbye Man,,"Well, I woke up this morning and he was gone",There were posters in the airports and the stations,Grinderman 2,2010,Grinderman
Mickey Mouse And The Goodbye Man,"Well, I woke up this morning and he was gone",There were posters in the airports and the stations,We took shelter,Grinderman 2,2010,Grinderman
Mickey Mouse And The Goodbye Man,There were posters in the airports and the stations,We took shelter,We took shelter,Grinderman 2,2010,Grinderman
Mickey Mouse And The Goodbye Man,We took shelter,We took shelter,Under her body,Grinderman 2,2010,Grinderman
Mickey Mouse And The Goodbye Man,We took shelter,Under her body,Under her body,Grinderman 2,2010,Grinderman
Mickey Mouse And The Goodbye Man,Under her body,Under her body,We sucked her and we sucked her and we sucked her dry,Grinderman 2,2010,Grinderman
Mickey Mouse And The Goodbye Man,Under her body,We sucked her and we sucked her and we sucked her dry,We sucked her and we sucked her and we shaved her dry,Grinderman 2,2010,Grinderman
Mickey Mouse And The Goodbye Man,We sucked her and we sucked her and we sucked her dry,We sucked her and we sucked her and we shaved her dry,He kissed me and kissed me and said goodbye,Grinderman 2,2010,Grinderman
Mickey Mouse And The Goodbye Man,We sucked her and we sucked her and we shaved her dry,He kissed me and kissed me and said goodbye,He kissed me and kissed me and said goodbye,Grinderman 2,2010,Grinderman
Mickey Mouse And The Goodbye Man,He kissed me and kissed me and said goodbye,He kissed me and kissed me and said goodbye,Alright!,Grinderman 2,2010,Grinderman
Mickey Mouse And The Goodbye Man,He kissed me and kissed me and said goodbye,Alright!,,Grinderman 2,2010,Grinderman
Mickey Mouse And The Goodbye Man,Alright!,,"Well, no time at all, she’s walking down the hall",Grinderman 2,2010,Grinderman
Mickey Mouse And The Goodbye Man,,"Well, no time at all, she’s walking down the hall",She’s a bat-faced girl with dynamite curls,Grinderman 2,2010,Grinderman
Mickey Mouse And The Goodbye Man,"Well, no time at all, she’s walking down the hall",She’s a bat-faced girl with dynamite curls,"Ringing the bell-bell, banging on the door",Grinderman 2,2010,Grinderman
Mickey Mouse And The Goodbye Man,She’s a bat-faced girl with dynamite curls,"Ringing the bell-bell, banging on the door",Walking down the travelator! Walking down the travelator!,Grinderman 2,2010,Grinderman
Mickey Mouse And The Goodbye Man,"Ringing the bell-bell, banging on the door",Walking down the travelator! Walking down the travelator!,Twenny-two twenny-four twenny-six twenny-nine,Grinderman 2,2010,Grinderman
Mickey Mouse And The Goodbye Man,Walking down the travelator! Walking down the travelator!,Twenny-two twenny-four twenny-six twenny-nine,Come on baby and blow my mind!,Grinderman 2,2010,Grinderman
Mickey Mouse And The Goodbye Man,Twenny-two twenny-four twenny-six twenny-nine,Come on baby and blow my mind!,Ooooooow! Oooooooooooow! Yeah!,Grinderman 2,2010,Grinderman
Mickey Mouse And The Goodbye Man,Come on baby and blow my mind!,Ooooooow! Oooooooooooow! Yeah!,,Grinderman 3,2010,Grinderman
Worm Tamer,,You know they call my girl The Snake Charmer,Here she comes rising with the yellow dawn,Grinderman 2,2010,Grinderman
Worm Tamer,You know they call my girl The Snake Charmer,Here she comes rising with the yellow dawn,You know I would do nothing to ever harm her,Grinderman 2,2010,Grinderman
Worm Tamer,Here she comes rising with the yellow dawn,You know I would do nothing to ever harm her,I guess that I’ve loved you for too long,Grinderman 2,2010,Grinderman
Worm Tamer,You know I would do nothing to ever harm her,I guess that I’ve loved you for too long,,Grinderman 2,2010,Grinderman
Worm Tamer,I guess that I’ve loved you for too long,,You know they call my girl The Worm Tamer,Grinderman 2,2010,Grinderman
Worm Tamer,,You know they call my girl The Worm Tamer,She cracks lightning like a vipers tongue,Grinderman 2,2010,Grinderman
Worm Tamer,You know they call my girl The Worm Tamer,She cracks lightning like a vipers tongue,She leaves me every night and who can blame her,Grinderman 2,2010,Grinderman
Worm Tamer,She cracks lightning like a vipers tongue,She leaves me every night and who can blame her,I guess that I’ve loved you for too long,Grinderman 2,2010,Grinderman
Worm Tamer,She leaves me every night and who can blame her,I guess that I’ve loved you for too long,,Grinderman 2,2010,Grinderman
Worm Tamer,I guess that I’ve loved you for too long,,For too long!,Grinderman 2,2010,Grinderman
Worm Tamer,,For too long!,For too long!,Grinderman 2,2010,Grinderman
Worm Tamer,For too long!,For too long!,,Grinderman 2,2010,Grinderman
Worm Tamer,For too long!,,You know they call my girl The Serpent Wrangler,Grinderman 2,2010,Grinderman
Worm Tamer,,You know they call my girl The Serpent Wrangler,Eating inchworms down the bill-a-bong,Grinderman 2,2010,Grinderman
Worm Tamer,You know they call my girl The Serpent Wrangler,Eating inchworms down the bill-a-bong,I spent all last night trying to untangle her,Grinderman 2,2010,Grinderman
Worm Tamer,Eating inchworms down the bill-a-bong,I spent all last night trying to untangle her,I guess that I’ve loved you for too long,Grinderman 2,2010,Grinderman
Worm Tamer,I spent all last night trying to untangle her,I guess that I’ve loved you for too long,,Grinderman 2,2010,Grinderman
Worm Tamer,I guess that I’ve loved you for too long,,For too long!,Grinderman 2,2010,Grinderman
Worm Tamer,,For too long!,For too long!,Grinderman 2,2010,Grinderman
Worm Tamer,For too long!,For too long!,,Grinderman 2,2010,Grinderman
Worm Tamer,For too long!,,You know they call my baby The Mambo Rider,Grinderman 2,2010,Grinderman
Worm Tamer,,You know they call my baby The Mambo Rider,I cry storms of tears till the rising of the dawn,Grinderman 2,2010,Grinderman
Worm Tamer,You know they call my baby The Mambo Rider,I cry storms of tears till the rising of the dawn,You know I’m only happy when I’m inside her,Grinderman 2,2010,Grinderman
Worm Tamer,I cry storms of tears till the rising of the dawn,You know I’m only happy when I’m inside her,I guess that I’ve just loved you for too long,Grinderman 2,2010,Grinderman
Worm Tamer,You know I’m only happy when I’m inside her,I guess that I’ve just loved you for too long,,Grinderman 2,2010,Grinderman
Worm Tamer,I guess that I’ve just loved you for too long,,For too long!,Grinderman 2,2010,Grinderman
Worm Tamer,,For too long!,For too long!,Grinderman 2,2010,Grinderman
Worm Tamer,For too long!,For too long!,,Grinderman 2,2010,Grinderman
Worm Tamer,For too long!,,Well my baby calls me the Loch Ness Monster,Grinderman 2,2010,Grinderman
Worm Tamer,,Well my baby calls me the Loch Ness Monster,Two great big humps and then I’m gone,Grinderman 2,2010,Grinderman
Worm Tamer,Well my baby calls me the Loch Ness Monster,Two great big humps and then I’m gone,But actually I am the Abominable Snowman,Grinderman 2,2010,Grinderman
Worm Tamer,Two great big humps and then I’m gone,But actually I am the Abominable Snowman,And I guess I’ve loved you for too long,Grinderman 2,2010,Grinderman
Worm Tamer,But actually I am the Abominable Snowman,And I guess I’ve loved you for too long,,Grinderman 2,2010,Grinderman
Heathen Child,,Hey little Moo Moo,Light as a rainbow,Grinderman 2,2010,Grinderman
Heathen Child,Hey little Moo Moo,Light as a rainbow,Happy as an asteroid,Grinderman 2,2010,Grinderman
Heathen Child,Light as a rainbow,Happy as an asteroid,Crashed in the bathtub,Grinderman 2,2010,Grinderman
Heathen Child,Happy as an asteroid,Crashed in the bathtub,Yeah sitting in the bathtub,Grinderman 2,2010,Grinderman
Heathen Child,Crashed in the bathtub,Yeah sitting in the bathtub,Full of her fingers,Grinderman 2,2010,Grinderman
Heathen Child,Yeah sitting in the bathtub,Full of her fingers,Full of her fingers,Grinderman 2,2010,Grinderman
Heathen Child,Full of her fingers,Full of her fingers,Sitting in the bathtub,Grinderman 2,2010,Grinderman
Heathen Child,Full of her fingers,Sitting in the bathtub,Says I’m scared and lonely,Grinderman 2,2010,Grinderman
Heathen Child,Sitting in the bathtub,Says I’m scared and lonely,Never see no one,Grinderman 2,2010,Grinderman
Heathen Child,Says I’m scared and lonely,Never see no one,Says I’m scared and lonely,Grinderman 2,2010,Grinderman
Heathen Child,Never see no one,Says I’m scared and lonely,Here come the Wolfman,Grinderman 2,2010,Grinderman
Heathen Child,Says I’m scared and lonely,Here come the Wolfman,Saying hey little Moo Moo,Grinderman 2,2010,Grinderman
Heathen Child,Here come the Wolfman,Saying hey little Moo Moo,Saying hey little Moo Moo,Grinderman 2,2010,Grinderman
Heathen Child,Saying hey little Moo Moo,Saying hey little Moo Moo,Sitting in the bathtub,Grinderman 2,2010,Grinderman
Heathen Child,Saying hey little Moo Moo,Sitting in the bathtub,,Grinderman 2,2010,Grinderman
Heathen Child,Sitting in the bathtub,,My heathen child,Grinderman 2,2010,Grinderman
Heathen Child,,My heathen child,She’s a heathen child,Grinderman 2,2010,Grinderman
Heathen Child,My heathen child,She’s a heathen child,She’s a heathen child,Grinderman 2,2010,Grinderman
Heathen Child,She’s a heathen child,She’s a heathen child,She’s a real wild child,Grinderman 2,2010,Grinderman
Heathen Child,She’s a heathen child,She’s a real wild child,She gotta little powder,Grinderman 2,2010,Grinderman
Heathen Child,She’s a real wild child,She gotta little powder,She gotta little gun,Grinderman 2,2010,Grinderman
Heathen Child,She gotta little powder,She gotta little gun,"She gotta little poison, gotta little gun",Grinderman 2,2010,Grinderman
Heathen Child,She gotta little gun,"She gotta little poison, gotta little gun",Sitting in the bathtub sucking her thumb,Grinderman 2,2010,Grinderman
Heathen Child,"She gotta little poison, gotta little gun",Sitting in the bathtub sucking her thumb,Says I don’t care about Buddha,Grinderman 2,2010,Grinderman
Heathen Child,Sitting in the bathtub sucking her thumb,Says I don’t care about Buddha,I don’t care about Krishna,Grinderman 2,2010,Grinderman
Heathen Child,Says I don’t care about Buddha,I don’t care about Krishna,I don’t care about Allah,Grinderman 2,2010,Grinderman
Heathen Child,I don’t care about Krishna,I don’t care about Allah,I don’t care about any of them,Grinderman 2,2010,Grinderman
Heathen Child,I don’t care about Allah,I don’t care about any of them,Just sitting in the bathtub sucking her thumb,Grinderman 2,2010,Grinderman
Heathen Child,I don’t care about any of them,Just sitting in the bathtub sucking her thumb,,Grinderman 2,2010,Grinderman
Heathen Child,Just sitting in the bathtub sucking her thumb,,Cause she’s a heathen child,Grinderman 2,2010,Grinderman
Heathen Child,,Cause she’s a heathen child,She’s a heathen child,Grinderman 2,2010,Grinderman
Heathen Child,Cause she’s a heathen child,She’s a heathen child,She’s a heathen child,Grinderman 2,2010,Grinderman
Heathen Child,She’s a heathen child,She’s a heathen child,Yeah she’s a real wild child,Grinderman 2,2010,Grinderman
Heathen Child,She’s a heathen child,Yeah she’s a real wild child,,Grinderman 2,2010,Grinderman
Heathen Child,Yeah she’s a real wild child,,Poor little Moo Moo,Grinderman 2,2010,Grinderman
Heathen Child,,Poor little Moo Moo,Papped and Monroed,Grinderman 2,2010,Grinderman
Heathen Child,Poor little Moo Moo,Papped and Monroed,"She’s gotta little powder, gotta lil gun",Grinderman 2,2010,Grinderman
Heathen Child,Papped and Monroed,"She’s gotta little powder, gotta lil gun",Sitting in the bathtub having some fun,Grinderman 2,2010,Grinderman
Heathen Child,"She’s gotta little powder, gotta lil gun",Sitting in the bathtub having some fun,She was raised by beasts,Grinderman 2,2010,Grinderman
Heathen Child,Sitting in the bathtub having some fun,She was raised by beasts,Photographed by vultures,Grinderman 2,2010,Grinderman
Heathen Child,She was raised by beasts,Photographed by vultures,Here come the Wolfman!,Grinderman 2,2010,Grinderman
Heathen Child,Photographed by vultures,Here come the Wolfman!,The Abominable Snowman!,Grinderman 2,2010,Grinderman
Heathen Child,Here come the Wolfman!,The Abominable Snowman!,Gotta little poison,Grinderman 2,2010,Grinderman
Heathen Child,The Abominable Snowman!,Gotta little poison,Gotta little gun,Grinderman 2,2010,Grinderman
Heathen Child,Gotta little poison,Gotta little gun,Sitting in the bathtub,Grinderman 2,2010,Grinderman
Heathen Child,Gotta little gun,Sitting in the bathtub,Waiting for the Wolfman to come,Grinderman 2,2010,Grinderman
Heathen Child,Sitting in the bathtub,Waiting for the Wolfman to come,,Grinderman 2,2010,Grinderman
Heathen Child,Waiting for the Wolfman to come,,You think your great big husband will protect you,Grinderman 2,2010,Grinderman
Heathen Child,,You think your great big husband will protect you,You are wrong,Grinderman 2,2010,Grinderman
Heathen Child,You think your great big husband will protect you,You are wrong,You think your little wife will protect you,Grinderman 2,2010,Grinderman
Heathen Child,You are wrong,You think your little wife will protect you,You are wrong,Grinderman 2,2010,Grinderman
Heathen Child,You think your little wife will protect you,You are wrong,You think your children will protect you,Grinderman 2,2010,Grinderman
Heathen Child,You are wrong,You think your children will protect you,You are wrong,Grinderman 2,2010,Grinderman
Heathen Child,You think your children will protect you,You are wrong,You think your government will protect you,Grinderman 2,2010,Grinderman
Heathen Child,You are wrong,You think your government will protect you,You are wrong,Grinderman 2,2010,Grinderman
Heathen Child,You think your government will protect you,You are wrong,She don’t care about Allah,Grinderman 2,2010,Grinderman
Heathen Child,You are wrong,She don’t care about Allah,She is the Allah,Grinderman 2,2010,Grinderman
Heathen Child,She don’t care about Allah,She is the Allah,She don’t care about Buddah,Grinderman 2,2010,Grinderman
Heathen Child,She is the Allah,She don’t care about Buddah,She is the Buddah,Grinderman 2,2010,Grinderman
Heathen Child,She don’t care about Buddah,She is the Buddah,,Grinderman 2,2010,Grinderman
Heathen Child,She is the Buddah,,She’s a heathen child,Grinderman 2,2010,Grinderman
Heathen Child,,She’s a heathen child,She’s a heathen child,Grinderman 2,2010,Grinderman
Heathen Child,She’s a heathen child,She’s a heathen child,She’s a heathen child,Grinderman 2,2010,Grinderman
Heathen Child,She’s a heathen child,She’s a heathen child,She’s a real wild child,Grinderman 2,2010,Grinderman
Heathen Child,She’s a heathen child,She’s a real wild child,,Grinderman 2,2010,Grinderman
Heathen Child,She’s a real wild child,,Down child! Down child!,Grinderman 2,2010,Grinderman
Heathen Child,,Down child! Down child!,,Grinderman 2,2010,Grinderman
When My Baby Comes,,Thank God we don’t get all our hurts,At once that would be really really bad thing,Grinderman 2,2010,Grinderman
When My Baby Comes,Thank God we don’t get all our hurts,At once that would be really really bad thing,When my baby comes,Grinderman 2,2010,Grinderman
When My Baby Comes,At once that would be really really bad thing,When my baby comes,Thank God we don’t get all our olds at the one time,Grinderman 2,2010,Grinderman
When My Baby Comes,When my baby comes,Thank God we don’t get all our olds at the one time,O listen to me talking in my hospital gown!,Grinderman 2,2010,Grinderman
When My Baby Comes,Thank God we don’t get all our olds at the one time,O listen to me talking in my hospital gown!,When my baby comes,Grinderman 2,2010,Grinderman
When My Baby Comes,O listen to me talking in my hospital gown!,When my baby comes,Best thing about this place are the showers,Grinderman 2,2010,Grinderman
When My Baby Comes,When my baby comes,Best thing about this place are the showers,Worst thing is the visiting hours,Grinderman 2,2010,Grinderman
When My Baby Comes,Best thing about this place are the showers,Worst thing is the visiting hours,"Hey, careful of the carpet",Grinderman 2,2010,Grinderman
When My Baby Comes,Worst thing is the visiting hours,"Hey, careful of the carpet",When my baby comes,Grinderman 2,2010,Grinderman
When My Baby Comes,"Hey, careful of the carpet",When my baby comes,They had pistols and they had guns,Grinderman 2,2010,Grinderman
When My Baby Comes,When my baby comes,They had pistols and they had guns,They threw me on the ground and they entered into me,Grinderman 2,2010,Grinderman
When My Baby Comes,They had pistols and they had guns,They threw me on the ground and they entered into me,I was only fifteen,Grinderman 2,2010,Grinderman
When My Baby Comes,They threw me on the ground and they entered into me,I was only fifteen,When my baby comes,Grinderman 2,2010,Grinderman
When My Baby Comes,I was only fifteen,When my baby comes,,Grinderman 2,2010,Grinderman
When My Baby Comes,When my baby comes,,"Just how long you gonna be, my baby?",Grinderman 2,2010,Grinderman
When My Baby Comes,,"Just how long you gonna be, my baby?","Just how long you gonna be, my baby?",Grinderman 2,2010,Grinderman
When My Baby Comes,"Just how long you gonna be, my baby?","Just how long you gonna be, my baby?",Until you come?,Grinderman 2,2010,Grinderman
When My Baby Comes,"Just how long you gonna be, my baby?",Until you come?,"Just how long you gonna be, my baby?",Grinderman 2,2010,Grinderman
When My Baby Comes,Until you come?,"Just how long you gonna be, my baby?","Just how long you gonna be, my baby?",Grinderman 2,2010,Grinderman
When My Baby Comes,"Just how long you gonna be, my baby?","Just how long you gonna be, my baby?",Until you come?,Grinderman 2,2010,Grinderman
When My Baby Comes,"Just how long you gonna be, my baby?",Until you come?,,Grinderman 2,2010,Grinderman
When My Baby Comes,Until you come?,,She got hands as white as milk,Grinderman 2,2010,Grinderman
When My Baby Comes,,She got hands as white as milk,And she weaves a loop of spider’s silk that glistens,Grinderman 2,2010,Grinderman
When My Baby Comes,She got hands as white as milk,And she weaves a loop of spider’s silk that glistens,When my baby comes,Grinderman 2,2010,Grinderman
When My Baby Comes,And she weaves a loop of spider’s silk that glistens,When my baby comes,There is an ancient question behind her eyes,Grinderman 2,2010,Grinderman
When My Baby Comes,When my baby comes,There is an ancient question behind her eyes,That I can’t even begin to describe,Grinderman 2,2010,Grinderman
When My Baby Comes,There is an ancient question behind her eyes,That I can’t even begin to describe,"Hey, listen don’t do that on the carpet!",Grinderman 2,2010,Grinderman
When My Baby Comes,That I can’t even begin to describe,"Hey, listen don’t do that on the carpet!",When my baby comes,Grinderman 2,2010,Grinderman
When My Baby Comes,"Hey, listen don’t do that on the carpet!",When my baby comes,Is there anyone out there feel they wasted their lives?,Grinderman 2,2010,Grinderman
When My Baby Comes,When my baby comes,Is there anyone out there feel they wasted their lives?,On booze and drugs and husbands and wives and making money?,Grinderman 2,2010,Grinderman
When My Baby Comes,Is there anyone out there feel they wasted their lives?,On booze and drugs and husbands and wives and making money?,When my baby comes,Grinderman 2,2010,Grinderman
When My Baby Comes,On booze and drugs and husbands and wives and making money?,When my baby comes,"Well, they had pistols and they had guns, my skirt above my head",Grinderman 2,2010,Grinderman
When My Baby Comes,When my baby comes,"Well, they had pistols and they had guns, my skirt above my head","Well, I was so much older when I crawled out",Grinderman 2,2010,Grinderman
When My Baby Comes,"Well, they had pistols and they had guns, my skirt above my head","Well, I was so much older when I crawled out",From under their mushroom cloud,Grinderman 2,2010,Grinderman
When My Baby Comes,"Well, I was so much older when I crawled out",From under their mushroom cloud,,Grinderman 2,2010,Grinderman
When My Baby Comes,From under their mushroom cloud,,"Just how long you gonna be, my baby?",Grinderman 2,2010,Grinderman
When My Baby Comes,,"Just how long you gonna be, my baby?","Just how long you gonna be, my baby?",Grinderman 2,2010,Grinderman
When My Baby Comes,"Just how long you gonna be, my baby?","Just how long you gonna be, my baby?",Until you come?,Grinderman 2,2010,Grinderman
When My Baby Comes,"Just how long you gonna be, my baby?",Until you come?,"Just how long you gonna be, my baby?",Grinderman 2,2010,Grinderman
When My Baby Comes,Until you come?,"Just how long you gonna be, my baby?","Just how long you gonna be, my baby?",Grinderman 2,2010,Grinderman
When My Baby Comes,"Just how long you gonna be, my baby?","Just how long you gonna be, my baby?",Until you come?,Grinderman 2,2010,Grinderman
When My Baby Comes,"Just how long you gonna be, my baby?",Until you come?,"Just how long you gonna be, my baby?",Grinderman 2,2010,Grinderman
When My Baby Comes,Until you come?,"Just how long you gonna be, my baby?","Just how long you gonna be, my baby?",Grinderman 2,2010,Grinderman
When My Baby Comes,"Just how long you gonna be, my baby?","Just how long you gonna be, my baby?",Until you come?,Grinderman 2,2010,Grinderman
When My Baby Comes,"Just how long you gonna be, my baby?",Until you come?,When she comes,Grinderman 2,2010,Grinderman
When My Baby Comes,Until you come?,When she comes,When she comes,Grinderman 2,2010,Grinderman
When My Baby Comes,When she comes,When she comes,,Grinderman 2,2010,Grinderman
What I Know,,"Yes, I know",I know,Grinderman 2,2010,Grinderman
What I Know,"Yes, I know",I know,I know it,Grinderman 2,2010,Grinderman
What I Know,I know,I know it,From the day,Grinderman 2,2010,Grinderman
What I Know,I know it,From the day,That I was born,Grinderman 2,2010,Grinderman
What I Know,From the day,That I was born,"Yes, I know",Grinderman 2,2010,Grinderman
What I Know,That I was born,"Yes, I know",From the time,Grinderman 2,2010,Grinderman
What I Know,"Yes, I know",From the time,I went to school,Grinderman 2,2010,Grinderman
What I Know,From the time,I went to school,"Yes, I know",Grinderman 2,2010,Grinderman
What I Know,I went to school,"Yes, I know",From the time,Grinderman 2,2010,Grinderman
What I Know,"Yes, I know",From the time,I was teenager,Grinderman 2,2010,Grinderman
What I Know,From the time,I was teenager,"I know, I know",Grinderman 2,2010,Grinderman
What I Know,I was teenager,"I know, I know",From the time,Grinderman 2,2010,Grinderman
What I Know,"I know, I know",From the time,I got married,Grinderman 2,2010,Grinderman
What I Know,From the time,I got married,"Hey, I know",Grinderman 2,2010,Grinderman
What I Know,I got married,"Hey, I know",A million things,Grinderman 2,2010,Grinderman
What I Know,"Hey, I know",A million things,Are gonna happen to me,Grinderman 2,2010,Grinderman
What I Know,A million things,Are gonna happen to me,In rooms that are much like this,Grinderman 2,2010,Grinderman
What I Know,Are gonna happen to me,In rooms that are much like this,But it will never be enough,Grinderman 2,2010,Grinderman
What I Know,In rooms that are much like this,But it will never be enough,It will never ever be enough,Grinderman 2,2010,Grinderman
What I Know,But it will never be enough,It will never ever be enough,So you better come over here,Grinderman 2,2010,Grinderman
What I Know,It will never ever be enough,So you better come over here,So you better come over here,Grinderman 2,2010,Grinderman
What I Know,So you better come over here,So you better come over here,So you better come over here,Grinderman 2,2010,Grinderman
What I Know,So you better come over here,So you better come over here,So you better come over here,Grinderman 2,2010,Grinderman
What I Know,So you better come over here,So you better come over here,Cause yeah I know,Grinderman 2,2010,Grinderman
What I Know,So you better come over here,Cause yeah I know,I know,Grinderman 2,2010,Grinderman
What I Know,Cause yeah I know,I know,Never,Grinderman 2,2010,Grinderman
What I Know,I know,Never,Ever,Grinderman 2,2010,Grinderman
What I Know,Never,Ever,No,Grinderman 2,2010,Grinderman
What I Know,Ever,No,,Grinderman 2,2010,Grinderman
Evil!,,"O baby, baby, baby!",O my precious baby!,Grinderman 2,2010,Grinderman
Evil!,"O baby, baby, baby!",O my precious baby!,,Grinderman 2,2010,Grinderman
Evil!,O my precious baby!,,"O baby, baby, baby!",Grinderman 2,2010,Grinderman
Evil!,,"O baby, baby, baby!",Who needs the stars? You are my star!,Grinderman 2,2010,Grinderman
Evil!,"O baby, baby, baby!",Who needs the stars? You are my star!,Who needs the moon? You are my moon!,Grinderman 2,2010,Grinderman
Evil!,Who needs the stars? You are my star!,Who needs the moon? You are my moon!,"O baby, baby, baby!",Grinderman 2,2010,Grinderman
Evil!,Who needs the moon? You are my moon!,"O baby, baby, baby!",,Grinderman 2,2010,Grinderman
Evil!,"O baby, baby, baby!",,Evil! Evil! Evil! Evil!,Grinderman 2,2010,Grinderman
Evil!,,Evil! Evil! Evil! Evil!,,Grinderman 2,2010,Grinderman
Evil!,Evil! Evil! Evil! Evil!,,"Cling to me, baby, in this rented room",Grinderman 2,2010,Grinderman
Evil!,,"Cling to me, baby, in this rented room",Who needs the TV? You are my TV!,Grinderman 2,2010,Grinderman
Evil!,"Cling to me, baby, in this rented room",Who needs the TV? You are my TV!,Who needs a record player? You are my record player!,Grinderman 2,2010,Grinderman
Evil!,Who needs the TV? You are my TV!,Who needs a record player? You are my record player!,O cling to me baby in this rented room,Grinderman 2,2010,Grinderman
Evil!,Who needs a record player? You are my record player!,O cling to me baby in this rented room,,Grinderman 2,2010,Grinderman
Evil!,O cling to me baby in this rented room,,Evil! Evil! Evil! Evil!,Grinderman 2,2010,Grinderman
Evil!,,Evil! Evil! Evil! Evil!,,Grinderman 2,2010,Grinderman
Evil!,Evil! Evil! Evil! Evil!,,Hear the ringing on the telephone,Grinderman 2,2010,Grinderman
Evil!,,Hear the ringing on the telephone,A voice from a hundred miles away,Grinderman 2,2010,Grinderman
Evil!,Hear the ringing on the telephone,A voice from a hundred miles away,Its breath is heavy and you’re all alone,Grinderman 2,2010,Grinderman
Evil!,A voice from a hundred miles away,Its breath is heavy and you’re all alone,It’s got something that it wants to say,Grinderman 2,2010,Grinderman
Evil!,Its breath is heavy and you’re all alone,It’s got something that it wants to say,It’s got something that it wants to say,Grinderman 2,2010,Grinderman
Evil!,It’s got something that it wants to say,It’s got something that it wants to say,Its breath is heavy and you’re all alone,Grinderman 2,2010,Grinderman
Evil!,It’s got something that it wants to say,Its breath is heavy and you’re all alone,A voice so clear you can feel its breath,Grinderman 2,2010,Grinderman
Evil!,Its breath is heavy and you’re all alone,A voice so clear you can feel its breath,Coming down the telephone,Grinderman 2,2010,Grinderman
Evil!,A voice so clear you can feel its breath,Coming down the telephone,,Grinderman 2,2010,Grinderman
Evil!,Coming down the telephone,,Evil! Evil! Evil! Evil!,Grinderman 2,2010,Grinderman
Evil!,,Evil! Evil! Evil! Evil!,,Grinderman 2,2010,Grinderman
Evil!,Evil! Evil! Evil! Evil!,,O my precious baby,Grinderman 2,2010,Grinderman
Evil!,,O my precious baby,Now is the time that we must speak,Grinderman 2,2010,Grinderman
Evil!,O my precious baby,Now is the time that we must speak,They have divided us from our children,Grinderman 2,2010,Grinderman
Evil!,Now is the time that we must speak,They have divided us from our children,And they’ve tossed them on the heap,Grinderman 2,2010,Grinderman
Evil!,They have divided us from our children,And they’ve tossed them on the heap,Who needs children? You are my child!,Grinderman 2,2010,Grinderman
Evil!,And they’ve tossed them on the heap,Who needs children? You are my child!,Who needs children? My little lamb!,Grinderman 2,2010,Grinderman
Evil!,Who needs children? You are my child!,Who needs children? My little lamb!,Who needs children! You are my child!,Grinderman 2,2010,Grinderman
Evil!,Who needs children? My little lamb!,Who needs children! You are my child!,Crying like a demon in your daddy’s arms!,Grinderman 2,2010,Grinderman
Evil!,Who needs children! You are my child!,Crying like a demon in your daddy’s arms!,,Grinderman 2,2010,Grinderman
Evil!,Crying like a demon in your daddy’s arms!,,Evil! Evil! Evil! Evil!,Grinderman 2,2010,Grinderman
Evil!,,Evil! Evil! Evil! Evil!,,Grinderman 2,2010,Grinderman
Evil!,Evil! Evil! Evil! Evil!,,O cling to me baby in this broken dream,Grinderman 2,2010,Grinderman
Evil!,,O cling to me baby in this broken dream,You are the moon! Who needs the moon?,Grinderman 2,2010,Grinderman
Evil!,O cling to me baby in this broken dream,You are the moon! Who needs the moon?,You are the stars! Who needs the stars?,Grinderman 2,2010,Grinderman
Evil!,You are the moon! Who needs the moon?,You are the stars! Who needs the stars?,O cling to me little baby in this broken dream,Grinderman 2,2010,Grinderman
Evil!,You are the stars! Who needs the stars?,O cling to me little baby in this broken dream,And let me protect you from this evil,Grinderman 2,2010,Grinderman
Evil!,O cling to me little baby in this broken dream,And let me protect you from this evil,,Grinderman 2,2010,Grinderman
Evil!,And let me protect you from this evil,,Evil! Evil! Evil! Evil!,Grinderman 2,2010,Grinderman
Evil!,,Evil! Evil! Evil! Evil!,,Grinderman 2,2010,Grinderman
Kitchenette,,I keep hanging around your kitchenette,And I’m gonna get a pot to cook you in,Grinderman 2,2010,Grinderman
Kitchenette,I keep hanging around your kitchenette,And I’m gonna get a pot to cook you in,I stick my fingers in your biscuit jar,Grinderman 2,2010,Grinderman
Kitchenette,And I’m gonna get a pot to cook you in,I stick my fingers in your biscuit jar,And crush all your gingerbread men,Grinderman 2,2010,Grinderman
Kitchenette,I stick my fingers in your biscuit jar,And crush all your gingerbread men,Cause I want you,Grinderman 2,2010,Grinderman
Kitchenette,And crush all your gingerbread men,Cause I want you,"Yeah, I want you to be my friend",Grinderman 2,2010,Grinderman
Kitchenette,Cause I want you,"Yeah, I want you to be my friend","Yeah, I want you",Grinderman 2,2010,Grinderman
Kitchenette,"Yeah, I want you to be my friend","Yeah, I want you","Yeah, I want to be your solitary man",Grinderman 2,2010,Grinderman
Kitchenette,"Yeah, I want you","Yeah, I want to be your solitary man",,Grinderman 2,2010,Grinderman
Kitchenette,"Yeah, I want to be your solitary man",,Try not to wake the executioner,Grinderman 2,2010,Grinderman
Kitchenette,,Try not to wake the executioner,He’s sleeping with a fireman’s axe,Grinderman 2,2010,Grinderman
Kitchenette,Try not to wake the executioner,He’s sleeping with a fireman’s axe,"He leaves his glass eye on the pillow, babe",Grinderman 2,2010,Grinderman
Kitchenette,He’s sleeping with a fireman’s axe,"He leaves his glass eye on the pillow, babe",And his dentures floating there in a glass,Grinderman 2,2010,Grinderman
Kitchenette,"He leaves his glass eye on the pillow, babe",And his dentures floating there in a glass,Makes it hard to relax!,Grinderman 2,2010,Grinderman
Kitchenette,And his dentures floating there in a glass,Makes it hard to relax!,Makes it hard to relax!,Grinderman 2,2010,Grinderman
Kitchenette,Makes it hard to relax!,Makes it hard to relax!,When I want you,Grinderman 2,2010,Grinderman
Kitchenette,Makes it hard to relax!,When I want you,I want you to be my friend,Grinderman 2,2010,Grinderman
Kitchenette,When I want you,I want you to be my friend,,Grinderman 2,2010,Grinderman
Kitchenette,I want you to be my friend,,Ah it’s getting hard to relax!,Grinderman 2,2010,Grinderman
Kitchenette,,Ah it’s getting hard to relax!,It’s getting hard to get my act together!,Grinderman 2,2010,Grinderman
Kitchenette,Ah it’s getting hard to relax!,It’s getting hard to get my act together!,,Grinderman 2,2010,Grinderman
Kitchenette,It’s getting hard to get my act together!,,What’s this husband of yours ever given to you,Grinderman 2,2010,Grinderman
Kitchenette,,What’s this husband of yours ever given to you,Oprah Winfrey on a plasma screen,Grinderman 2,2010,Grinderman
Kitchenette,What’s this husband of yours ever given to you,Oprah Winfrey on a plasma screen,And a brood of jug-eared buck-toothed imbeciles,Grinderman 2,2010,Grinderman
Kitchenette,Oprah Winfrey on a plasma screen,And a brood of jug-eared buck-toothed imbeciles,The ugliest kids I’ve ever seen,Grinderman 2,2010,Grinderman
Kitchenette,And a brood of jug-eared buck-toothed imbeciles,The ugliest kids I’ve ever seen,Oh baby I want you,Grinderman 2,2010,Grinderman
Kitchenette,The ugliest kids I’ve ever seen,Oh baby I want you,I want you to be my girlfriend,Grinderman 2,2010,Grinderman
Kitchenette,Oh baby I want you,I want you to be my girlfriend,,Grinderman 2,2010,Grinderman
Kitchenette,I want you to be my girlfriend,,Maybe we could send those kids to play down on the street,Grinderman 2,2010,Grinderman
Kitchenette,,Maybe we could send those kids to play down on the street,"Hey, shouldn’t you put shoes on their feet?",Grinderman 2,2010,Grinderman
Kitchenette,Maybe we could send those kids to play down on the street,"Hey, shouldn’t you put shoes on their feet?",It’s getting hard to relax,Grinderman 2,2010,Grinderman
Kitchenette,"Hey, shouldn’t you put shoes on their feet?",It’s getting hard to relax,It’s getting hard to relax,Grinderman 2,2010,Grinderman
Kitchenette,It’s getting hard to relax,It’s getting hard to relax,Gonna open up the window,Grinderman 2,2010,Grinderman
Kitchenette,It’s getting hard to relax,Gonna open up the window,Whose that coming up the back stairs?,Grinderman 2,2010,Grinderman
Kitchenette,Gonna open up the window,Whose that coming up the back stairs?,Tippy-toe  tippy-toe  tippy-toe  tippy-toe,Grinderman 2,2010,Grinderman
Kitchenette,Whose that coming up the back stairs?,Tippy-toe  tippy-toe  tippy-toe  tippy-toe,Coming up the back stairs,Grinderman 2,2010,Grinderman
Kitchenette,Tippy-toe  tippy-toe  tippy-toe  tippy-toe,Coming up the back stairs,,Grinderman 2,2010,Grinderman
Kitchenette,Coming up the back stairs,,I can see that you don’t really dig him,Grinderman 2,2010,Grinderman
Kitchenette,,I can see that you don’t really dig him,And I can see that you want it to quit,Grinderman 2,2010,Grinderman
Kitchenette,I can see that you don’t really dig him,And I can see that you want it to quit,But if you want to get your hand out of the cookie jar,Grinderman 2,2010,Grinderman
Kitchenette,And I can see that you want it to quit,But if you want to get your hand out of the cookie jar,You gonna have to let go of the biscuit,Grinderman 2,2010,Grinderman
Kitchenette,But if you want to get your hand out of the cookie jar,You gonna have to let go of the biscuit,O babe I want you,Grinderman 2,2010,Grinderman
Kitchenette,You gonna have to let go of the biscuit,O babe I want you,I want you to be my girlfriend,Grinderman 2,2010,Grinderman
Kitchenette,O babe I want you,I want you to be my girlfriend,"Yeah, I want you",Grinderman 2,2010,Grinderman
Kitchenette,I want you to be my girlfriend,"Yeah, I want you","Yeah, I want to be your solitary man",Grinderman 2,2010,Grinderman
Kitchenette,"Yeah, I want you","Yeah, I want to be your solitary man",I wanna be that man!,Grinderman 2,2010,Grinderman
Kitchenette,"Yeah, I want to be your solitary man",I wanna be that man!,,Grinderman 2,2010,Grinderman
Palaces of Montezuma,,Psychedelic invocations,Of Mata Hari at the station,Grinderman 2,2010,Grinderman
Palaces of Montezuma,Psychedelic invocations,Of Mata Hari at the station,I give to you,Grinderman 2,2010,Grinderman
Palaces of Montezuma,Of Mata Hari at the station,I give to you,A Java princess of Hindu birth,Grinderman 2,2010,Grinderman
Palaces of Montezuma,I give to you,A Java princess of Hindu birth,"A woman of flesh, a child of the earth",Grinderman 2,2010,Grinderman
Palaces of Montezuma,A Java princess of Hindu birth,"A woman of flesh, a child of the earth",I give to you,Grinderman 2,2010,Grinderman
Palaces of Montezuma,"A woman of flesh, a child of the earth",I give to you,The hanging gardens of Babylon,Grinderman 2,2010,Grinderman
Palaces of Montezuma,I give to you,The hanging gardens of Babylon,"Miles Davis, the black unicorn",Grinderman 2,2010,Grinderman
Palaces of Montezuma,The hanging gardens of Babylon,"Miles Davis, the black unicorn",I give to you,Grinderman 2,2010,Grinderman
Palaces of Montezuma,"Miles Davis, the black unicorn",I give to you,The Palaces on Montezuma,Grinderman 2,2010,Grinderman
Palaces of Montezuma,I give to you,The Palaces on Montezuma,And the gardens of Akbar’s Tomb,Grinderman 2,2010,Grinderman
Palaces of Montezuma,The Palaces on Montezuma,And the gardens of Akbar’s Tomb,I give to you,Grinderman 2,2010,Grinderman
Palaces of Montezuma,And the gardens of Akbar’s Tomb,I give to you,The Spider Goddess and the Needle Boy,Grinderman 2,2010,Grinderman
Palaces of Montezuma,I give to you,The Spider Goddess and the Needle Boy,And the slave-dwarves that they employ,Grinderman 2,2010,Grinderman
Palaces of Montezuma,The Spider Goddess and the Needle Boy,And the slave-dwarves that they employ,I give to you,Grinderman 2,2010,Grinderman
Palaces of Montezuma,And the slave-dwarves that they employ,I give to you,A custard-coloured super-dream,Grinderman 2,2010,Grinderman
Palaces of Montezuma,I give to you,A custard-coloured super-dream,Of Ali McGraw and Steve McQueen,Grinderman 2,2010,Grinderman
Palaces of Montezuma,A custard-coloured super-dream,Of Ali McGraw and Steve McQueen,I give to you,Grinderman 2,2010,Grinderman
Palaces of Montezuma,Of Ali McGraw and Steve McQueen,I give to you,,Grinderman 2,2010,Grinderman
Palaces of Montezuma,I give to you,,"C’mon baby, let’s get out of the cold",Grinderman 2,2010,Grinderman
Palaces of Montezuma,,"C’mon baby, let’s get out of the cold",And gimme gimme gimme your precious love,Grinderman 2,2010,Grinderman
Palaces of Montezuma,"C’mon baby, let’s get out of the cold",And gimme gimme gimme your precious love,For me to hold,Grinderman 2,2010,Grinderman
Palaces of Montezuma,And gimme gimme gimme your precious love,For me to hold,,Grinderman 2,2010,Grinderman
Palaces of Montezuma,For me to hold,,The Epic of Gilgamesh,Grinderman 2,2010,Grinderman
Palaces of Montezuma,,The Epic of Gilgamesh,A pretty little black A-line dress,Grinderman 2,2010,Grinderman
Palaces of Montezuma,The Epic of Gilgamesh,A pretty little black A-line dress,I give to you,Grinderman 2,2010,Grinderman
Palaces of Montezuma,A pretty little black A-line dress,I give to you,The spinal cord of JFK,Grinderman 2,2010,Grinderman
Palaces of Montezuma,I give to you,The spinal cord of JFK,Wrapped in Marilyn Monroe’s negligee,Grinderman 2,2010,Grinderman
Palaces of Montezuma,The spinal cord of JFK,Wrapped in Marilyn Monroe’s negligee,I give to you,Grinderman 2,2010,Grinderman
Palaces of Montezuma,Wrapped in Marilyn Monroe’s negligee,I give to you,I want nothing in return,Grinderman 2,2010,Grinderman
Palaces of Montezuma,I give to you,I want nothing in return,Just the softest little breathless word,Grinderman 2,2010,Grinderman
Palaces of Montezuma,I want nothing in return,Just the softest little breathless word,I ask of you,Grinderman 2,2010,Grinderman
Palaces of Montezuma,Just the softest little breathless word,I ask of you,A word contained in a grain of sand,Grinderman 2,2010,Grinderman
Palaces of Montezuma,I ask of you,A word contained in a grain of sand,"That can barely walk, can’t even stand",Grinderman 2,2010,Grinderman
Palaces of Montezuma,A word contained in a grain of sand,"That can barely walk, can’t even stand",I ask for you,Grinderman 2,2010,Grinderman
Palaces of Montezuma,"That can barely walk, can’t even stand",I ask for you,,Grinderman 2,2010,Grinderman
Palaces of Montezuma,I ask for you,,"C’mon baby, let’s get out of the cold",Grinderman 2,2010,Grinderman
Palaces of Montezuma,,"C’mon baby, let’s get out of the cold",And gimme gimme gimme your precious love,Grinderman 2,2010,Grinderman
Palaces of Montezuma,"C’mon baby, let’s get out of the cold",And gimme gimme gimme your precious love,For me to hold,Grinderman 2,2010,Grinderman
Palaces of Montezuma,And gimme gimme gimme your precious love,For me to hold,"C’mon baby, come out of the cold",Grinderman 2,2010,Grinderman
Palaces of Montezuma,For me to hold,"C’mon baby, come out of the cold",And gimme gimme gimme your precious love,Grinderman 2,2010,Grinderman
Palaces of Montezuma,"C’mon baby, come out of the cold",And gimme gimme gimme your precious love,For me to hold,Grinderman 2,2010,Grinderman
Palaces of Montezuma,And gimme gimme gimme your precious love,For me to hold,,Grinderman 2,2010,Grinderman
Bellringer Blues,,I saw my old friend Gabriel,Down the perimeter ringing a bell,Grinderman 2,2010,Grinderman
Bellringer Blues,I saw my old friend Gabriel,Down the perimeter ringing a bell,I said hello,Grinderman 2,2010,Grinderman
Bellringer Blues,Down the perimeter ringing a bell,I said hello,Hey man is there something wrong?,Grinderman 2,2010,Grinderman
Bellringer Blues,I said hello,Hey man is there something wrong?,Where has everybody gone?,Grinderman 2,2010,Grinderman
Bellringer Blues,Hey man is there something wrong?,Where has everybody gone?,I don’t know,Grinderman 2,2010,Grinderman
Bellringer Blues,Where has everybody gone?,I don’t know,"Well, I put my hand across my mouth",Grinderman 2,2010,Grinderman
Bellringer Blues,I don’t know,"Well, I put my hand across my mouth",And I went out,Grinderman 2,2010,Grinderman
Bellringer Blues,"Well, I put my hand across my mouth",And I went out,"Yeah, moving slow",Grinderman 2,2010,Grinderman
Bellringer Blues,And I went out,"Yeah, moving slow",What are you doing he said to me,Grinderman 2,2010,Grinderman
Bellringer Blues,"Yeah, moving slow",What are you doing he said to me,I’m looking for my company,Grinderman 2,2010,Grinderman
Bellringer Blues,What are you doing he said to me,I’m looking for my company,"He said don’t bother, no",Grinderman 2,2010,Grinderman
Bellringer Blues,I’m looking for my company,"He said don’t bother, no",,Grinderman 2,2010,Grinderman
Bellringer Blues,"He said don’t bother, no",,"Well, next thing you l know when I took a look",Grinderman 2,2010,Grinderman
Bellringer Blues,,"Well, next thing you l know when I took a look",Gabe was trying to sell me a book,Grinderman 2,2010,Grinderman
Bellringer Blues,"Well, next thing you l know when I took a look",Gabe was trying to sell me a book,But I got no dough,Grinderman 2,2010,Grinderman
Bellringer Blues,Gabe was trying to sell me a book,But I got no dough,"He said check it out, it’s going cheap",Grinderman 2,2010,Grinderman
Bellringer Blues,But I got no dough,"He said check it out, it’s going cheap","Check it out, it’s going cheap",Grinderman 2,2010,Grinderman
Bellringer Blues,"He said check it out, it’s going cheap","Check it out, it’s going cheap",I’ll give it a go,Grinderman 2,2010,Grinderman
Bellringer Blues,"Check it out, it’s going cheap",I’ll give it a go,"Well, I read that book, every page",Grinderman 2,2010,Grinderman
Bellringer Blues,I’ll give it a go,"Well, I read that book, every page",And then I put it away,Grinderman 2,2010,Grinderman
Bellringer Blues,"Well, I read that book, every page",And then I put it away,Said I don’t think so,Grinderman 2,2010,Grinderman
Bellringer Blues,And then I put it away,Said I don’t think so,It makes slaves of all of womankind,Grinderman 2,2010,Grinderman
Bellringer Blues,Said I don’t think so,It makes slaves of all of womankind,And corpses of the men,Grinderman 2,2010,Grinderman
Bellringer Blues,It makes slaves of all of womankind,And corpses of the men,,Grinderman 2,2010,Grinderman
Bellringer Blues,And corpses of the men,,And I just don’t know,Grinderman 2,2010,Grinderman
Bellringer Blues,,And I just don’t know,And we care a little bit,Grinderman 2,2010,Grinderman
Bellringer Blues,And I just don’t know,And we care a little bit,And we get scared a little bit,Grinderman 2,2010,Grinderman
Bellringer Blues,And we care a little bit,And we get scared a little bit,Of those two cold dead eyes that stare a little bit,Grinderman 2,2010,Grinderman
Bellringer Blues,And we get scared a little bit,Of those two cold dead eyes that stare a little bit,And we cry a little bit,Grinderman 2,2010,Grinderman
Bellringer Blues,Of those two cold dead eyes that stare a little bit,And we cry a little bit,And we get by a little bit,Grinderman 2,2010,Grinderman
Bellringer Blues,And we cry a little bit,And we get by a little bit,Let your tears all come falling down,Grinderman 2,2010,Grinderman
Bellringer Blues,And we get by a little bit,Let your tears all come falling down,,Grinderman 2,2010,Grinderman
Bellringer Blues,Let your tears all come falling down,,Put me on a big white steed,Grinderman 2,2010,Grinderman
Bellringer Blues,,Put me on a big white steed,Ride it up and down your street,Grinderman 2,2010,Grinderman
Bellringer Blues,Put me on a big white steed,Ride it up and down your street,Wrapped up in a crimson coat,Grinderman 2,2010,Grinderman
Bellringer Blues,Ride it up and down your street,Wrapped up in a crimson coat,Sail me in a great big boat,Grinderman 2,2010,Grinderman
Bellringer Blues,Wrapped up in a crimson coat,Sail me in a great big boat,I’ll sail around the waters for you,Grinderman 2,2010,Grinderman
Bellringer Blues,Sail me in a great big boat,I’ll sail around the waters for you,Kill your sons and daughters for you,Grinderman 2,2010,Grinderman
Bellringer Blues,I’ll sail around the waters for you,Kill your sons and daughters for you,Put me on a big white horse,Grinderman 2,2010,Grinderman
Bellringer Blues,Kill your sons and daughters for you,Put me on a big white horse,Send me down to Banbury Cross,Grinderman 2,2010,Grinderman
Bellringer Blues,Put me on a big white horse,Send me down to Banbury Cross,,Grinderman 2,2010,Grinderman
Bellringer Blues,Send me down to Banbury Cross,,It’s okay Joe it’s time to go!,Grinderman 2,2010,Grinderman
Bellringer Blues,,It’s okay Joe it’s time to go!,It’s okay Joe it’s time to go!,Grinderman 2,2010,Grinderman
Bellringer Blues,It’s okay Joe it’s time to go!,It’s okay Joe it’s time to go!,It’s okay Joe it’s time to go!,Grinderman 2,2010,Grinderman
Bellringer Blues,It’s okay Joe it’s time to go!,It’s okay Joe it’s time to go!,It’s okay Joe it’s time to go!,Grinderman 2,2010,Grinderman
Bellringer Blues,It’s okay Joe it’s time to go!,It’s okay Joe it’s time to go!,,Grinderman 2,2010,Grinderman