song,album,prev,lyric,next
Song Of Joy,Murder Ballads,,"Have mercy on me, sir",Allow me to impose on you
Song Of Joy,Murder Ballads,"Have mercy on me, sir",Allow me to impose on you,I have no place to stay
Song Of Joy,Murder Ballads,Allow me to impose on you,I have no place to stay,And my bones are cold right through
Song Of Joy,Murder Ballads,I have no place to stay,And my bones are cold right through,I will tell you a story
Song Of Joy,Murder Ballads,And my bones are cold right through,I will tell you a story,Of a man and his family
Song Of Joy,Murder Ballads,I will tell you a story,Of a man and his family,And I swear that it is true
Song Of Joy,Murder Ballads,Of a man and his family,And I swear that it is true,
Song Of Joy,Murder Ballads,And I swear that it is true,,Ten years ago I met a girl named Joy
Song Of Joy,Murder Ballads,,Ten years ago I met a girl named Joy,She was a sweet and happy thing
Song Of Joy,Murder Ballads,Ten years ago I met a girl named Joy,She was a sweet and happy thing,Her eyes were bright blue jewels
Song Of Joy,Murder Ballads,She was a sweet and happy thing,Her eyes were bright blue jewels,And we were married in the spring
Song Of Joy,Murder Ballads,Her eyes were bright blue jewels,And we were married in the spring,I had no idea what happiness a little love could bring
Song Of Joy,Murder Ballads,And we were married in the spring,I had no idea what happiness a little love could bring,Or what life had in store
Song Of Joy,Murder Ballads,I had no idea what happiness a little love could bring,Or what life had in store,But all things move toward their end
Song Of Joy,Murder Ballads,Or what life had in store,But all things move toward their end,All things move toward their end
Song Of Joy,Murder Ballads,But all things move toward their end,All things move toward their end,On that you can be sure
Song Of Joy,Murder Ballads,All things move toward their end,On that you can be sure,
Song Of Joy,Murder Ballads,On that you can be sure,,La la la la la la la la la la
Song Of Joy,Murder Ballads,,La la la la la la la la la la,La la la la la la la la la la
Song Of Joy,Murder Ballads,La la la la la la la la la la,La la la la la la la la la la,
Song Of Joy,Murder Ballads,La la la la la la la la la la,,Then one morning I awoke to find her weeping
Song Of Joy,Murder Ballads,,Then one morning I awoke to find her weeping,And for many days to follow
Song Of Joy,Murder Ballads,Then one morning I awoke to find her weeping,And for many days to follow,She grew so sad and lonely
Song Of Joy,Murder Ballads,And for many days to follow,She grew so sad and lonely,Became Joy in name only
Song Of Joy,Murder Ballads,She grew so sad and lonely,Became Joy in name only,Within her breast there launched an unnamed sorrow
Song Of Joy,Murder Ballads,Became Joy in name only,Within her breast there launched an unnamed sorrow,And a dark and grim force set sail
Song Of Joy,Murder Ballads,Within her breast there launched an unnamed sorrow,And a dark and grim force set sail,Farewell happy fields
Song Of Joy,Murder Ballads,And a dark and grim force set sail,Farewell happy fields,Where joy forever dwells
Song Of Joy,Murder Ballads,Farewell happy fields,Where joy forever dwells,Hail horrors hail
Song Of Joy,Murder Ballads,Where joy forever dwells,Hail horrors hail,
Song Of Joy,Murder Ballads,Hail horrors hail,,Was it an act of contrition or some awful premonition
Song Of Joy,Murder Ballads,,Was it an act of contrition or some awful premonition,As if she saw into the heart of her final blood-soaked night
Song Of Joy,Murder Ballads,Was it an act of contrition or some awful premonition,As if she saw into the heart of her final blood-soaked night,"Those lunatic eyes, that hungry kitchen knife"
Song Of Joy,Murder Ballads,As if she saw into the heart of her final blood-soaked night,"Those lunatic eyes, that hungry kitchen knife","Ah, I see, sir, that I have your attention!"
Song Of Joy,Murder Ballads,"Those lunatic eyes, that hungry kitchen knife","Ah, I see, sir, that I have your attention!","Well, could it be?"
Song Of Joy,Murder Ballads,"Ah, I see, sir, that I have your attention!","Well, could it be?",How often I’ve asked that question
Song Of Joy,Murder Ballads,"Well, could it be?",How often I’ve asked that question,"Well, then in quick succession"
Song Of Joy,Murder Ballads,How often I’ve asked that question,"Well, then in quick succession","We had babies, one, two, three"
Song Of Joy,Murder Ballads,"Well, then in quick succession","We had babies, one, two, three",
Song Of Joy,Murder Ballads,"We had babies, one, two, three",,"We called them Hilda, Hattie and Holly"
Song Of Joy,Murder Ballads,,"We called them Hilda, Hattie and Holly",They were their mother’s children
Song Of Joy,Murder Ballads,"We called them Hilda, Hattie and Holly",They were their mother’s children,Their eyes were bright blue jewels
Song Of Joy,Murder Ballads,They were their mother’s children,Their eyes were bright blue jewels,And they were quiet as a mouse
Song Of Joy,Murder Ballads,Their eyes were bright blue jewels,And they were quiet as a mouse,There was no laughter in the house
Song Of Joy,Murder Ballads,And they were quiet as a mouse,There was no laughter in the house,"No, not from Hilda, Hattie or Holly"
Song Of Joy,Murder Ballads,There was no laughter in the house,"No, not from Hilda, Hattie or Holly","“No wonder”, people said, “poor mother Joy’s so melancholy”"
Song Of Joy,Murder Ballads,"No, not from Hilda, Hattie or Holly","“No wonder”, people said, “poor mother Joy’s so melancholy”","Well, one night there came a visitor to our little home"
Song Of Joy,Murder Ballads,"“No wonder”, people said, “poor mother Joy’s so melancholy”","Well, one night there came a visitor to our little home",
Song Of Joy,Murder Ballads,"Well, one night there came a visitor to our little home",,I was visiting a sick friend
Song Of Joy,Murder Ballads,,I was visiting a sick friend,I was a doctor then
Song Of Joy,Murder Ballads,I was visiting a sick friend,I was a doctor then,Joy and the girls were on their own
Song Of Joy,Murder Ballads,I was a doctor then,Joy and the girls were on their own,
Song Of Joy,Murder Ballads,Joy and the girls were on their own,,La la la la la la la la la la
Song Of Joy,Murder Ballads,,La la la la la la la la la la,La la la la la la la la la la
Song Of Joy,Murder Ballads,La la la la la la la la la la,La la la la la la la la la la,
Song Of Joy,Murder Ballads,La la la la la la la la la la,,Joy had been bound with electrical tape
Song Of Joy,Murder Ballads,,Joy had been bound with electrical tape,In her mouth a gag
Song Of Joy,Murder Ballads,Joy had been bound with electrical tape,In her mouth a gag,She’d been stabbed repeatedly
Song Of Joy,Murder Ballads,In her mouth a gag,She’d been stabbed repeatedly,And stuffed into a sleeping bag
Song Of Joy,Murder Ballads,She’d been stabbed repeatedly,And stuffed into a sleeping bag,In their very cots my girls were robbed of their lives
Song Of Joy,Murder Ballads,And stuffed into a sleeping bag,In their very cots my girls were robbed of their lives,Method of murder much the same as my wife’s
Song Of Joy,Murder Ballads,In their very cots my girls were robbed of their lives,Method of murder much the same as my wife’s,Method of murder much the same as my wife’s
Song Of Joy,Murder Ballads,Method of murder much the same as my wife’s,Method of murder much the same as my wife’s,It was midnight when I arrived home
Song Of Joy,Murder Ballads,Method of murder much the same as my wife’s,It was midnight when I arrived home,Said to the police on the telephone
Song Of Joy,Murder Ballads,It was midnight when I arrived home,Said to the police on the telephone,Someone’s taken four innocent lives
Song Of Joy,Murder Ballads,Said to the police on the telephone,Someone’s taken four innocent lives,
Song Of Joy,Murder Ballads,Someone’s taken four innocent lives,,They never caught the man
Song Of Joy,Murder Ballads,,They never caught the man,He’s still on the loose
Song Of Joy,Murder Ballads,They never caught the man,He’s still on the loose,It seems he has done many many more
Song Of Joy,Murder Ballads,He’s still on the loose,It seems he has done many many more,Quotes John Milton on the walls in the victim’s blood
Song Of Joy,Murder Ballads,It seems he has done many many more,Quotes John Milton on the walls in the victim’s blood,The police are investigating at tremendous cost
Song Of Joy,Murder Ballads,Quotes John Milton on the walls in the victim’s blood,The police are investigating at tremendous cost,"In my house he wrote, “red right hand”"
Song Of Joy,Murder Ballads,The police are investigating at tremendous cost,"In my house he wrote, “red right hand”","That, I’m told is from Paradise Lost"
Song Of Joy,Murder Ballads,"In my house he wrote, “red right hand”","That, I’m told is from Paradise Lost",The wind round here gets wicked cold
Song Of Joy,Murder Ballads,"That, I’m told is from Paradise Lost",The wind round here gets wicked cold,But my story is nearly told
Song Of Joy,Murder Ballads,The wind round here gets wicked cold,But my story is nearly told,I fear the morning will bring quite a frost
Song Of Joy,Murder Ballads,But my story is nearly told,I fear the morning will bring quite a frost,
Song Of Joy,Murder Ballads,I fear the morning will bring quite a frost,,And so I’ve left my home
Song Of Joy,Murder Ballads,,And so I’ve left my home,I drift from land to land
Song Of Joy,Murder Ballads,And so I’ve left my home,I drift from land to land,I am upon your step and you are a family man
Song Of Joy,Murder Ballads,I drift from land to land,I am upon your step and you are a family man,Outside the vultures wheel
Song Of Joy,Murder Ballads,I am upon your step and you are a family man,Outside the vultures wheel,"The wolves howl, the serpents hiss"
Song Of Joy,Murder Ballads,Outside the vultures wheel,"The wolves howl, the serpents hiss","And to extend this small favour, friend"
Song Of Joy,Murder Ballads,"The wolves howl, the serpents hiss","And to extend this small favour, friend",Would be the sum of earthly bliss
Song Of Joy,Murder Ballads,"And to extend this small favour, friend",Would be the sum of earthly bliss,Do you reckon me a friend?
Song Of Joy,Murder Ballads,Would be the sum of earthly bliss,Do you reckon me a friend?,The sun to me is dark
Song Of Joy,Murder Ballads,Do you reckon me a friend?,The sun to me is dark,And silent as the moon
Song Of Joy,Murder Ballads,The sun to me is dark,And silent as the moon,"Do you, sir, have a room?"
Song Of Joy,Murder Ballads,And silent as the moon,"Do you, sir, have a room?",Are you beckoning me in?
Song Of Joy,Murder Ballads,"Do you, sir, have a room?",Are you beckoning me in?,La la la la la la la la la la
Song Of Joy,Murder Ballads,Are you beckoning me in?,La la la la la la la la la la,La la la la la la la la la la
Song Of Joy,Murder Ballads,La la la la la la la la la la,La la la la la la la la la la,La la la la la la la la la la
Song Of Joy,Murder Ballads,La la la la la la la la la la,La la la la la la la la la la,La la la la la la la la la la
Song Of Joy,Murder Ballads,La la la la la la la la la la,La la la la la la la la la la,
Stagger Lee,Murder Ballads,,It was back in ‘32 when times were hard,He had a Colt .45 and a deck of cards
Stagger Lee,Murder Ballads,It was back in ‘32 when times were hard,He had a Colt .45 and a deck of cards,Stagger Lee
Stagger Lee,Murder Ballads,He had a Colt .45 and a deck of cards,Stagger Lee,
Stagger Lee,Murder Ballads,Stagger Lee,,He wore rat-drawn shoes and an old stetson hat
Stagger Lee,Murder Ballads,,He wore rat-drawn shoes and an old stetson hat,"Had a ‘28 Ford, had payments on that"
Stagger Lee,Murder Ballads,He wore rat-drawn shoes and an old stetson hat,"Had a ‘28 Ford, had payments on that",Stagger Lee
Stagger Lee,Murder Ballads,"Had a ‘28 Ford, had payments on that",Stagger Lee,
Stagger Lee,Murder Ballads,Stagger Lee,,His woman threw him out in the ice and snow
Stagger Lee,Murder Ballads,,His woman threw him out in the ice and snow,"And told him, “Never ever come back no more”"
Stagger Lee,Murder Ballads,His woman threw him out in the ice and snow,"And told him, “Never ever come back no more”",Stagger Lee
Stagger Lee,Murder Ballads,"And told him, “Never ever come back no more”",Stagger Lee,
Stagger Lee,Murder Ballads,Stagger Lee,,So he walked through the rain and he walked through the mud
Stagger Lee,Murder Ballads,,So he walked through the rain and he walked through the mud,Till he came to a place called The Bucket Of Blood
Stagger Lee,Murder Ballads,So he walked through the rain and he walked through the mud,Till he came to a place called The Bucket Of Blood,Stagger Lee
Stagger Lee,Murder Ballads,Till he came to a place called The Bucket Of Blood,Stagger Lee,
Stagger Lee,Murder Ballads,Stagger Lee,,"He said, “Mr Motherfucker, you know who I am”"
Stagger Lee,Murder Ballads,,"He said, “Mr Motherfucker, you know who I am”","The barkeeper said, “No, and I don’t give a good goddamn”"
Stagger Lee,Murder Ballads,"He said, “Mr Motherfucker, you know who I am”","The barkeeper said, “No, and I don’t give a good goddamn”",To Stagger Lee
Stagger Lee,Murder Ballads,"The barkeeper said, “No, and I don’t give a good goddamn”",To Stagger Lee,
Stagger Lee,Murder Ballads,To Stagger Lee,,"He said, “Well bartender, it’s plain to see"
Stagger Lee,Murder Ballads,,"He said, “Well bartender, it’s plain to see",I’m that bad motherfucker called Stagger Lee”
Stagger Lee,Murder Ballads,"He said, “Well bartender, it’s plain to see",I’m that bad motherfucker called Stagger Lee”,Mr. Stagger Lee
Stagger Lee,Murder Ballads,I’m that bad motherfucker called Stagger Lee”,Mr. Stagger Lee,
Stagger Lee,Murder Ballads,Mr. Stagger Lee,,"Barkeep said, “Yeah, I’ve heard your name down the way"
Stagger Lee,Murder Ballads,,"Barkeep said, “Yeah, I’ve heard your name down the way",And I kick motherfucking asses like you every day”
Stagger Lee,Murder Ballads,"Barkeep said, “Yeah, I’ve heard your name down the way",And I kick motherfucking asses like you every day”,Mr Stagger Lee
Stagger Lee,Murder Ballads,And I kick motherfucking asses like you every day”,Mr Stagger Lee,
Stagger Lee,Murder Ballads,Mr Stagger Lee,,"Well, those were the last words that the barkeep said"
Stagger Lee,Murder Ballads,,"Well, those were the last words that the barkeep said",‘Cause Stag put four holes in his motherfucking head
Stagger Lee,Murder Ballads,"Well, those were the last words that the barkeep said",‘Cause Stag put four holes in his motherfucking head,
Stagger Lee,Murder Ballads,‘Cause Stag put four holes in his motherfucking head,,Just then in came a broad called Nellie Brown
Stagger Lee,Murder Ballads,,Just then in came a broad called Nellie Brown,Was known to make more money than any bitch in town
Stagger Lee,Murder Ballads,Just then in came a broad called Nellie Brown,Was known to make more money than any bitch in town,
Stagger Lee,Murder Ballads,Was known to make more money than any bitch in town,,"She struts across the bar, hitching up her skirt"
Stagger Lee,Murder Ballads,,"She struts across the bar, hitching up her skirt","Over to Stagger Lee, she starts to flirt"
Stagger Lee,Murder Ballads,"She struts across the bar, hitching up her skirt","Over to Stagger Lee, she starts to flirt",With Stagger Lee
Stagger Lee,Murder Ballads,"Over to Stagger Lee, she starts to flirt",With Stagger Lee,
Stagger Lee,Murder Ballads,With Stagger Lee,,"She saw the barkeep, said, “O God, he can’t be dead!”"
Stagger Lee,Murder Ballads,,"She saw the barkeep, said, “O God, he can’t be dead!”","Stag said, “Well, just count the holes in the motherfucker’s head”"
Stagger Lee,Murder Ballads,"She saw the barkeep, said, “O God, he can’t be dead!”","Stag said, “Well, just count the holes in the motherfucker’s head”",
Stagger Lee,Murder Ballads,"Stag said, “Well, just count the holes in the motherfucker’s head”",,"She said, “You look like you ain’t scored in quite a time."
Stagger Lee,Murder Ballads,,"She said, “You look like you ain’t scored in quite a time.",Why not come to my pad? It won’t cost you a dime”
Stagger Lee,Murder Ballads,"She said, “You look like you ain’t scored in quite a time.",Why not come to my pad? It won’t cost you a dime”,Mr. Stagger Lee
Stagger Lee,Murder Ballads,Why not come to my pad? It won’t cost you a dime”,Mr. Stagger Lee,
Stagger Lee,Murder Ballads,Mr. Stagger Lee,,“But there’s something I have to say before you begin
Stagger Lee,Murder Ballads,,“But there’s something I have to say before you begin,"You’ll have to be gone before my man Billy Dilly comes in,"
Stagger Lee,Murder Ballads,“But there’s something I have to say before you begin,"You’ll have to be gone before my man Billy Dilly comes in,",Stagger Lee”
Stagger Lee,Murder Ballads,"You’ll have to be gone before my man Billy Dilly comes in,",Stagger Lee”,
Stagger Lee,Murder Ballads,Stagger Lee”,,"“I’ll stay here till Billy Dilly comes in, till time comes to pass"
Stagger Lee,Murder Ballads,,"“I’ll stay here till Billy Dilly comes in, till time comes to pass",And furthermore I’ll fuck Billy Dilly in his motherfucking ass”
Stagger Lee,Murder Ballads,"“I’ll stay here till Billy Dilly comes in, till time comes to pass",And furthermore I’ll fuck Billy Dilly in his motherfucking ass”,Said Stagger Lee
Stagger Lee,Murder Ballads,And furthermore I’ll fuck Billy Dilly in his motherfucking ass”,Said Stagger Lee,
Stagger Lee,Murder Ballads,Said Stagger Lee,,"“I’m a bad motherfucker, don’t you know"
Stagger Lee,Murder Ballads,,"“I’m a bad motherfucker, don’t you know",And I’ll crawl over fifty good pussies just to get to one fat boy’s asshole”
Stagger Lee,Murder Ballads,"“I’m a bad motherfucker, don’t you know",And I’ll crawl over fifty good pussies just to get to one fat boy’s asshole”,Said Stagger Lee
Stagger Lee,Murder Ballads,And I’ll crawl over fifty good pussies just to get to one fat boy’s asshole”,Said Stagger Lee,
Stagger Lee,Murder Ballads,Said Stagger Lee,,"Just then Billy Dilly rolls in and said, “You must be"
Stagger Lee,Murder Ballads,,"Just then Billy Dilly rolls in and said, “You must be",That bad motherfucker called Stagger Lee”
Stagger Lee,Murder Ballads,"Just then Billy Dilly rolls in and said, “You must be",That bad motherfucker called Stagger Lee”,Stagger Lee
Stagger Lee,Murder Ballads,That bad motherfucker called Stagger Lee”,Stagger Lee,
Stagger Lee,Murder Ballads,Stagger Lee,,"“Yeah, I’m Stagger Lee and you better get down on your knees"
Stagger Lee,Murder Ballads,,"“Yeah, I’m Stagger Lee and you better get down on your knees","And suck my dick, because if you don’t you’re sure to be dead”"
Stagger Lee,Murder Ballads,"“Yeah, I’m Stagger Lee and you better get down on your knees","And suck my dick, because if you don’t you’re sure to be dead”",Said Stagger Lee
Stagger Lee,Murder Ballads,"And suck my dick, because if you don’t you’re sure to be dead”",Said Stagger Lee,
Stagger Lee,Murder Ballads,Said Stagger Lee,,Billy Dilly dropped down and slobbered on his head
Stagger Lee,Murder Ballads,,Billy Dilly dropped down and slobbered on his head,And Stag filled him full of lead
Stagger Lee,Murder Ballads,Billy Dilly dropped down and slobbered on his head,And Stag filled him full of lead,Oh yeah.
Stagger Lee,Murder Ballads,And Stag filled him full of lead,Oh yeah.,
Henry Lee,Murder Ballads,,"Get down, get down, little Henry Lee",And stay all night with me
Henry Lee,Murder Ballads,"Get down, get down, little Henry Lee",And stay all night with me,You won’t find a girl in this damn world
Henry Lee,Murder Ballads,And stay all night with me,You won’t find a girl in this damn world,That will compare with me
Henry Lee,Murder Ballads,You won’t find a girl in this damn world,That will compare with me,And the wind did howl and the wind did blow
Henry Lee,Murder Ballads,That will compare with me,And the wind did howl and the wind did blow,La la la la la
Henry Lee,Murder Ballads,And the wind did howl and the wind did blow,La la la la la,La la la la lee
Henry Lee,Murder Ballads,La la la la la,La la la la lee,A little bird lit down on Henry Lee
Henry Lee,Murder Ballads,La la la la lee,A little bird lit down on Henry Lee,
Henry Lee,Murder Ballads,A little bird lit down on Henry Lee,,I can’t get down and I won’t get down
Henry Lee,Murder Ballads,,I can’t get down and I won’t get down,And stay all night with thee
Henry Lee,Murder Ballads,I can’t get down and I won’t get down,And stay all night with thee,For the girl I have in that merry green land
Henry Lee,Murder Ballads,And stay all night with thee,For the girl I have in that merry green land,I love far better than thee
Henry Lee,Murder Ballads,For the girl I have in that merry green land,I love far better than thee,And the wind did howl and the wind did blow
Henry Lee,Murder Ballads,I love far better than thee,And the wind did howl and the wind did blow,La la la la la
Henry Lee,Murder Ballads,And the wind did howl and the wind did blow,La la la la la,La la la la lee
Henry Lee,Murder Ballads,La la la la la,La la la la lee,A little bird lit down on Henry Lee
Henry Lee,Murder Ballads,La la la la lee,A little bird lit down on Henry Lee,
Henry Lee,Murder Ballads,A little bird lit down on Henry Lee,,She leaned herself against a fence
Henry Lee,Murder Ballads,,She leaned herself against a fence,Just for a kiss or two
Henry Lee,Murder Ballads,She leaned herself against a fence,Just for a kiss or two,And with a little pen-knife held in her hand
Henry Lee,Murder Ballads,Just for a kiss or two,And with a little pen-knife held in her hand,She plugged him through and through
Henry Lee,Murder Ballads,And with a little pen-knife held in her hand,She plugged him through and through,And the wind did roar and the wind did moan
Henry Lee,Murder Ballads,She plugged him through and through,And the wind did roar and the wind did moan,La la la la la
Henry Lee,Murder Ballads,And the wind did roar and the wind did moan,La la la la la,La la la la lee
Henry Lee,Murder Ballads,La la la la la,La la la la lee,A little bird lit down on Henry Lee
Henry Lee,Murder Ballads,La la la la lee,A little bird lit down on Henry Lee,
Henry Lee,Murder Ballads,A little bird lit down on Henry Lee,,Come take him by his lilly-white hands
Henry Lee,Murder Ballads,,Come take him by his lilly-white hands,Come take him by his feet
Henry Lee,Murder Ballads,Come take him by his lilly-white hands,Come take him by his feet,And throw him in this deep deep well
Henry Lee,Murder Ballads,Come take him by his feet,And throw him in this deep deep well,Which is more than one hundred feet
Henry Lee,Murder Ballads,And throw him in this deep deep well,Which is more than one hundred feet,And the wind did howl and the wind did blow
Henry Lee,Murder Ballads,Which is more than one hundred feet,And the wind did howl and the wind did blow,La la la la la
Henry Lee,Murder Ballads,And the wind did howl and the wind did blow,La la la la la,La la la la lee
Henry Lee,Murder Ballads,La la la la la,La la la la lee,A little bird lit down on Henry Lee
Henry Lee,Murder Ballads,La la la la lee,A little bird lit down on Henry Lee,
Henry Lee,Murder Ballads,A little bird lit down on Henry Lee,,"Lie there, lie there, little Henry Lee"
Henry Lee,Murder Ballads,,"Lie there, lie there, little Henry Lee",Till the flesh drops from your bones
Henry Lee,Murder Ballads,"Lie there, lie there, little Henry Lee",Till the flesh drops from your bones,For the girl you have in that merry green land
Henry Lee,Murder Ballads,Till the flesh drops from your bones,For the girl you have in that merry green land,Can wait forever for you to come home
Henry Lee,Murder Ballads,For the girl you have in that merry green land,Can wait forever for you to come home,And the wind did howl and the wind did moan
Henry Lee,Murder Ballads,Can wait forever for you to come home,And the wind did howl and the wind did moan,La la la la la
Henry Lee,Murder Ballads,And the wind did howl and the wind did moan,La la la la la,La la la la lee
Henry Lee,Murder Ballads,La la la la la,La la la la lee,A little bird lit down on Henry Lee
Henry Lee,Murder Ballads,La la la la lee,A little bird lit down on Henry Lee,
Lovely Creature,Murder Ballads,,"There she stands, this lovely creature","There she stands, there she stands"
Lovely Creature,Murder Ballads,"There she stands, this lovely creature","There she stands, there she stands",With her hair full of ribbons
Lovely Creature,Murder Ballads,"There she stands, there she stands",With her hair full of ribbons,And green gloves on her hands
Lovely Creature,Murder Ballads,With her hair full of ribbons,And green gloves on her hands,
Lovely Creature,Murder Ballads,And green gloves on her hands,,So I asked this lovely creature
Lovely Creature,Murder Ballads,,So I asked this lovely creature,"Yes, I asked. Yes, I asked"
Lovely Creature,Murder Ballads,So I asked this lovely creature,"Yes, I asked. Yes, I asked",Would she walk with me a while
Lovely Creature,Murder Ballads,"Yes, I asked. Yes, I asked",Would she walk with me a while,Through this night so fast
Lovely Creature,Murder Ballads,Would she walk with me a while,Through this night so fast,
Lovely Creature,Murder Ballads,Through this night so fast,,"She took my hand, this lovely creature"
Lovely Creature,Murder Ballads,,"She took my hand, this lovely creature","“Yes”, she said, “Yes”, she said"
Lovely Creature,Murder Ballads,"She took my hand, this lovely creature","“Yes”, she said, “Yes”, she said","“Yes, I’ll walk with you a while”"
Lovely Creature,Murder Ballads,"“Yes”, she said, “Yes”, she said","“Yes, I’ll walk with you a while”",It was a joyful man she led
Lovely Creature,Murder Ballads,"“Yes, I’ll walk with you a while”",It was a joyful man she led,
Lovely Creature,Murder Ballads,It was a joyful man she led,,"Over hills, this lovely creature"
Lovely Creature,Murder Ballads,,"Over hills, this lovely creature","Over mountains, over ranges"
Lovely Creature,Murder Ballads,"Over hills, this lovely creature","Over mountains, over ranges",By great pyramids and sphinxs
Lovely Creature,Murder Ballads,"Over mountains, over ranges",By great pyramids and sphinxs,We met drifters and strangers
Lovely Creature,Murder Ballads,By great pyramids and sphinxs,We met drifters and strangers,
Lovely Creature,Murder Ballads,We met drifters and strangers,,"Oh the sands, my lovely creature"
Lovely Creature,Murder Ballads,,"Oh the sands, my lovely creature","And the mad, moaning winds"
Lovely Creature,Murder Ballads,"Oh the sands, my lovely creature","And the mad, moaning winds",At night the deserts writhed
Lovely Creature,Murder Ballads,"And the mad, moaning winds",At night the deserts writhed,With diabolical things
Lovely Creature,Murder Ballads,At night the deserts writhed,With diabolical things,
Lovely Creature,Murder Ballads,With diabolical things,,"Through the night, through the night"
Lovely Creature,Murder Ballads,,"Through the night, through the night",The wind lashed and it whipped me
Lovely Creature,Murder Ballads,"Through the night, through the night",The wind lashed and it whipped me,"When I got home, my lovely creature"
Lovely Creature,Murder Ballads,The wind lashed and it whipped me,"When I got home, my lovely creature",She was no longer with me
Lovely Creature,Murder Ballads,"When I got home, my lovely creature",She was no longer with me,
Lovely Creature,Murder Ballads,She was no longer with me,,"Somewhere she lies, this lovely creature"
Lovely Creature,Murder Ballads,,"Somewhere she lies, this lovely creature",Beneath the slow drifting sands
Lovely Creature,Murder Ballads,"Somewhere she lies, this lovely creature",Beneath the slow drifting sands,With her hair full of ribbons
Lovely Creature,Murder Ballads,Beneath the slow drifting sands,With her hair full of ribbons,And green gloves on her hands
Lovely Creature,Murder Ballads,With her hair full of ribbons,And green gloves on her hands,
Where the Wild Roses Grow,Murder Ballads,,They call me The Wild Rose,but my name was Elisa Day
Where the Wild Roses Grow,Murder Ballads,They call me The Wild Rose,but my name was Elisa Day,Why they call me it I do not know
Where the Wild Roses Grow,Murder Ballads,but my name was Elisa Day,Why they call me it I do not know,For my name was Elisa Day
Where the Wild Roses Grow,Murder Ballads,Why they call me it I do not know,For my name was Elisa Day,
Where the Wild Roses Grow,Murder Ballads,For my name was Elisa Day,,From the first day I saw her I knew she was the one
Where the Wild Roses Grow,Murder Ballads,,From the first day I saw her I knew she was the one,As she stared in my eyes and smiled
Where the Wild Roses Grow,Murder Ballads,From the first day I saw her I knew she was the one,As she stared in my eyes and smiled,For her lips were the colour of the roses
Where the Wild Roses Grow,Murder Ballads,As she stared in my eyes and smiled,For her lips were the colour of the roses,"That grew down the river, all bloody and wild"
Where the Wild Roses Grow,Murder Ballads,For her lips were the colour of the roses,"That grew down the river, all bloody and wild",
Where the Wild Roses Grow,Murder Ballads,"That grew down the river, all bloody and wild",,When he knocked on my door and entered the room
Where the Wild Roses Grow,Murder Ballads,,When he knocked on my door and entered the room,My trembling subsided in his sure embrace
Where the Wild Roses Grow,Murder Ballads,When he knocked on my door and entered the room,My trembling subsided in his sure embrace,"He would be my first man, and with a careful hand"
Where the Wild Roses Grow,Murder Ballads,My trembling subsided in his sure embrace,"He would be my first man, and with a careful hand",He wiped at the tears that ran down my face
Where the Wild Roses Grow,Murder Ballads,"He would be my first man, and with a careful hand",He wiped at the tears that ran down my face,
Where the Wild Roses Grow,Murder Ballads,He wiped at the tears that ran down my face,,They call me The Wild Rose
Where the Wild Roses Grow,Murder Ballads,,They call me The Wild Rose,but my name was Elisa Day
Where the Wild Roses Grow,Murder Ballads,They call me The Wild Rose,but my name was Elisa Day,Why they call me it I do not know
Where the Wild Roses Grow,Murder Ballads,but my name was Elisa Day,Why they call me it I do not know,For my name was Elisa Day
Where the Wild Roses Grow,Murder Ballads,Why they call me it I do not know,For my name was Elisa Day,
Where the Wild Roses Grow,Murder Ballads,For my name was Elisa Day,,On the second day I brought her a flower
Where the Wild Roses Grow,Murder Ballads,,On the second day I brought her a flower,She was more beautiful than any woman I’d seen
Where the Wild Roses Grow,Murder Ballads,On the second day I brought her a flower,She was more beautiful than any woman I’d seen,"I said, “Do you know where the wild roses grow"
Where the Wild Roses Grow,Murder Ballads,She was more beautiful than any woman I’d seen,"I said, “Do you know where the wild roses grow",So sweet and scarlet and free?”
Where the Wild Roses Grow,Murder Ballads,"I said, “Do you know where the wild roses grow",So sweet and scarlet and free?”,
Where the Wild Roses Grow,Murder Ballads,So sweet and scarlet and free?”,,On the second day he came with a single red rose
Where the Wild Roses Grow,Murder Ballads,,On the second day he came with a single red rose,Said: “Will you give me your loss and your sorrow?”
Where the Wild Roses Grow,Murder Ballads,On the second day he came with a single red rose,Said: “Will you give me your loss and your sorrow?”,"I nodded my head, as I lay on the bed"
Where the Wild Roses Grow,Murder Ballads,Said: “Will you give me your loss and your sorrow?”,"I nodded my head, as I lay on the bed","He said, “If I show you the roses will you follow?”"
Where the Wild Roses Grow,Murder Ballads,"I nodded my head, as I lay on the bed","He said, “If I show you the roses will you follow?”",
Where the Wild Roses Grow,Murder Ballads,"He said, “If I show you the roses will you follow?”",,They call me The Wild Rose
Where the Wild Roses Grow,Murder Ballads,,They call me The Wild Rose,but my name was Elisa Day
Where the Wild Roses Grow,Murder Ballads,They call me The Wild Rose,but my name was Elisa Day,Why they call me it I do not know
Where the Wild Roses Grow,Murder Ballads,but my name was Elisa Day,Why they call me it I do not know,For my name was Elisa Day
Where the Wild Roses Grow,Murder Ballads,Why they call me it I do not know,For my name was Elisa Day,
Where the Wild Roses Grow,Murder Ballads,For my name was Elisa Day,,On the third day he took me to the river
Where the Wild Roses Grow,Murder Ballads,,On the third day he took me to the river,He showed me the roses and we kissed
Where the Wild Roses Grow,Murder Ballads,On the third day he took me to the river,He showed me the roses and we kissed,And the last thing I heard was a muttered word
Where the Wild Roses Grow,Murder Ballads,He showed me the roses and we kissed,And the last thing I heard was a muttered word,As he stood smiling above me with a rock in his fist
Where the Wild Roses Grow,Murder Ballads,And the last thing I heard was a muttered word,As he stood smiling above me with a rock in his fist,
Where the Wild Roses Grow,Murder Ballads,As he stood smiling above me with a rock in his fist,,On the last day I took her where the wild roses grow
Where the Wild Roses Grow,Murder Ballads,,On the last day I took her where the wild roses grow,"And she lay on the bank, the wind light as a thief"
Where the Wild Roses Grow,Murder Ballads,On the last day I took her where the wild roses grow,"And she lay on the bank, the wind light as a thief","As I kissed her goodbye, I said, “All beauty must die”"
Where the Wild Roses Grow,Murder Ballads,"And she lay on the bank, the wind light as a thief","As I kissed her goodbye, I said, “All beauty must die”",And lent down and planted a rose between her teeth
Where the Wild Roses Grow,Murder Ballads,"As I kissed her goodbye, I said, “All beauty must die”",And lent down and planted a rose between her teeth,
Where the Wild Roses Grow,Murder Ballads,And lent down and planted a rose between her teeth,,They call me The Wild Rose
Where the Wild Roses Grow,Murder Ballads,,They call me The Wild Rose,but my name was Elisa Day
Where the Wild Roses Grow,Murder Ballads,They call me The Wild Rose,but my name was Elisa Day,Why they call me it I do not know
Where the Wild Roses Grow,Murder Ballads,but my name was Elisa Day,Why they call me it I do not know,For my name was Elisa Day
Where the Wild Roses Grow,Murder Ballads,Why they call me it I do not know,For my name was Elisa Day,
The Curse of Millhaven,Murder Ballads,,I live in a town called Millhaven,And it’s small and it’s mean and it’s cold
The Curse of Millhaven,Murder Ballads,I live in a town called Millhaven,And it’s small and it’s mean and it’s cold,But if you come around just as the sun goes down
The Curse of Millhaven,Murder Ballads,And it’s small and it’s mean and it’s cold,But if you come around just as the sun goes down,You can watch the whole town turn to gold
The Curse of Millhaven,Murder Ballads,But if you come around just as the sun goes down,You can watch the whole town turn to gold,It’s around about then that I used to go a-roaming
The Curse of Millhaven,Murder Ballads,You can watch the whole town turn to gold,It’s around about then that I used to go a-roaming,Singing La la la la La la la lie
The Curse of Millhaven,Murder Ballads,It’s around about then that I used to go a-roaming,Singing La la la la La la la lie,All God’s children they all gotta die
The Curse of Millhaven,Murder Ballads,Singing La la la la La la la lie,All God’s children they all gotta die,
The Curse of Millhaven,Murder Ballads,All God’s children they all gotta die,,My name is Loretta but I prefer Lottie
The Curse of Millhaven,Murder Ballads,,My name is Loretta but I prefer Lottie,I’m closing in on my fifteenth year
The Curse of Millhaven,Murder Ballads,My name is Loretta but I prefer Lottie,I’m closing in on my fifteenth year,And if you think you have seen a pair of eyes more green
The Curse of Millhaven,Murder Ballads,I’m closing in on my fifteenth year,And if you think you have seen a pair of eyes more green,Then you sure didn’t see them round here
The Curse of Millhaven,Murder Ballads,And if you think you have seen a pair of eyes more green,Then you sure didn’t see them round here,My hair is yellow and I’m always a-combing
The Curse of Millhaven,Murder Ballads,Then you sure didn’t see them round here,My hair is yellow and I’m always a-combing,La la la la La la la lie
The Curse of Millhaven,Murder Ballads,My hair is yellow and I’m always a-combing,La la la la La la la lie,Mama often told me we all have to die
The Curse of Millhaven,Murder Ballads,La la la la La la la lie,Mama often told me we all have to die,
The Curse of Millhaven,Murder Ballads,Mama often told me we all have to die,,You must have heard about The Curse Of Millhaven
The Curse of Millhaven,Murder Ballads,,You must have heard about The Curse Of Millhaven,How last Christmas Bill Blake’s little boy didn’t come home
The Curse of Millhaven,Murder Ballads,You must have heard about The Curse Of Millhaven,How last Christmas Bill Blake’s little boy didn’t come home,They found him next week in One Mile Creek
The Curse of Millhaven,Murder Ballads,How last Christmas Bill Blake’s little boy didn’t come home,They found him next week in One Mile Creek,His head bashed in and his pockets full of stones
The Curse of Millhaven,Murder Ballads,They found him next week in One Mile Creek,His head bashed in and his pockets full of stones,"Well, just imagine the wailing and moaning"
The Curse of Millhaven,Murder Ballads,His head bashed in and his pockets full of stones,"Well, just imagine the wailing and moaning",La la la la La la la lie
The Curse of Millhaven,Murder Ballads,"Well, just imagine the wailing and moaning",La la la la La la la lie,"Even little Billy Blake, he had to die"
The Curse of Millhaven,Murder Ballads,La la la la La la la lie,"Even little Billy Blake, he had to die",
The Curse of Millhaven,Murder Ballads,"Even little Billy Blake, he had to die",,Then Professor O’Rye from Millhaven High
The Curse of Millhaven,Murder Ballads,,Then Professor O’Rye from Millhaven High,"Found nailed to his door, his prize-winning terrier"
The Curse of Millhaven,Murder Ballads,Then Professor O’Rye from Millhaven High,"Found nailed to his door, his prize-winning terrier",The next day the old fool brought little Biko to school
The Curse of Millhaven,Murder Ballads,"Found nailed to his door, his prize-winning terrier",The next day the old fool brought little Biko to school,And we all had to watch as he buried her
The Curse of Millhaven,Murder Ballads,The next day the old fool brought little Biko to school,And we all had to watch as he buried her,His eulogy to Biko had all the tears a-flowing
The Curse of Millhaven,Murder Ballads,And we all had to watch as he buried her,His eulogy to Biko had all the tears a-flowing,La la la la La la la lie
The Curse of Millhaven,Murder Ballads,His eulogy to Biko had all the tears a-flowing,La la la la La la la lie,"Even God’s little creatures, they have to die"
The Curse of Millhaven,Murder Ballads,La la la la La la la lie,"Even God’s little creatures, they have to die",
The Curse of Millhaven,Murder Ballads,"Even God’s little creatures, they have to die",,Our little town fell into a state of shock
The Curse of Millhaven,Murder Ballads,,Our little town fell into a state of shock,A lot of people were saying things that made little sense
The Curse of Millhaven,Murder Ballads,Our little town fell into a state of shock,A lot of people were saying things that made little sense,Then the next thing you know the head of Handyman Joe
The Curse of Millhaven,Murder Ballads,A lot of people were saying things that made little sense,Then the next thing you know the head of Handyman Joe,Was found in the fountain of the Mayor’s residence
The Curse of Millhaven,Murder Ballads,Then the next thing you know the head of Handyman Joe,Was found in the fountain of the Mayor’s residence,Foul play can really get a small town going
The Curse of Millhaven,Murder Ballads,Was found in the fountain of the Mayor’s residence,Foul play can really get a small town going,La la la la La la la lie
The Curse of Millhaven,Murder Ballads,Foul play can really get a small town going,La la la la La la la lie,All God’s children all have to die
The Curse of Millhaven,Murder Ballads,La la la la La la la lie,All God’s children all have to die,
The Curse of Millhaven,Murder Ballads,All God’s children all have to die,,"Then, in a cruel twist of fate, old Mrs Colgate"
The Curse of Millhaven,Murder Ballads,,"Then, in a cruel twist of fate, old Mrs Colgate",Was stabbed but the job was not complete
The Curse of Millhaven,Murder Ballads,"Then, in a cruel twist of fate, old Mrs Colgate",Was stabbed but the job was not complete,The last thing she said before the cops pronounced her dead
The Curse of Millhaven,Murder Ballads,Was stabbed but the job was not complete,The last thing she said before the cops pronounced her dead,"Was, “My killer is Loretta and she lives across the street!”"
The Curse of Millhaven,Murder Ballads,The last thing she said before the cops pronounced her dead,"Was, “My killer is Loretta and she lives across the street!”",Twenty cops burst through my door without even phoning
The Curse of Millhaven,Murder Ballads,"Was, “My killer is Loretta and she lives across the street!”",Twenty cops burst through my door without even phoning,La la la la La la la lie
The Curse of Millhaven,Murder Ballads,Twenty cops burst through my door without even phoning,La la la la La la la lie,"The young ones, the old ones, they all gotta die"
The Curse of Millhaven,Murder Ballads,La la la la La la la lie,"The young ones, the old ones, they all gotta die",
The Curse of Millhaven,Murder Ballads,"The young ones, the old ones, they all gotta die",,"Yes, it is I, Lottie. The curse of Millhaven"
The Curse of Millhaven,Murder Ballads,,"Yes, it is I, Lottie. The curse of Millhaven",I’ve struck horror in the heart of this town
The Curse of Millhaven,Murder Ballads,"Yes, it is I, Lottie. The curse of Millhaven",I’ve struck horror in the heart of this town,Like my eyes ain’t green and my hair ain’t yellow
The Curse of Millhaven,Murder Ballads,I’ve struck horror in the heart of this town,Like my eyes ain’t green and my hair ain’t yellow,It’s more like the other way around
The Curse of Millhaven,Murder Ballads,Like my eyes ain’t green and my hair ain’t yellow,It’s more like the other way around,I gotta pretty little mouth underneath all the foaming
The Curse of Millhaven,Murder Ballads,It’s more like the other way around,I gotta pretty little mouth underneath all the foaming,La la la la La la la lie
The Curse of Millhaven,Murder Ballads,I gotta pretty little mouth underneath all the foaming,La la la la La la la lie,Sooner or later we all gotta die
The Curse of Millhaven,Murder Ballads,La la la la La la la lie,Sooner or later we all gotta die,
The Curse of Millhaven,Murder Ballads,Sooner or later we all gotta die,,Since I was no bigger than a weavil they’ve been saying I was evil
The Curse of Millhaven,Murder Ballads,,Since I was no bigger than a weavil they’ve been saying I was evil,That if “bad” was a boot then I’d fit it
The Curse of Millhaven,Murder Ballads,Since I was no bigger than a weavil they’ve been saying I was evil,That if “bad” was a boot then I’d fit it,"That I’m a wicked young lady, but I’ve been trying hard lately"
The Curse of Millhaven,Murder Ballads,That if “bad” was a boot then I’d fit it,"That I’m a wicked young lady, but I’ve been trying hard lately",O fuck it! I’m a monster! I admit it!
The Curse of Millhaven,Murder Ballads,"That I’m a wicked young lady, but I’ve been trying hard lately",O fuck it! I’m a monster! I admit it!,It makes me so mad my blood really starts a-going
The Curse of Millhaven,Murder Ballads,O fuck it! I’m a monster! I admit it!,It makes me so mad my blood really starts a-going,La la la la La la la lie
The Curse of Millhaven,Murder Ballads,It makes me so mad my blood really starts a-going,La la la la La la la lie,Mama always told me that we all gotta die
The Curse of Millhaven,Murder Ballads,La la la la La la la lie,Mama always told me that we all gotta die,
The Curse of Millhaven,Murder Ballads,Mama always told me that we all gotta die,,"Yeah, I drowned the Blakey kid, stabbed Mrs. Colgate, I admit"
The Curse of Millhaven,Murder Ballads,,"Yeah, I drowned the Blakey kid, stabbed Mrs. Colgate, I admit",Did the handyman with his circular saw in his garden shed
The Curse of Millhaven,Murder Ballads,"Yeah, I drowned the Blakey kid, stabbed Mrs. Colgate, I admit",Did the handyman with his circular saw in his garden shed,"But I never crucified little Biko, that was two junior high school psychos"
The Curse of Millhaven,Murder Ballads,Did the handyman with his circular saw in his garden shed,"But I never crucified little Biko, that was two junior high school psychos",Stinky Bohoon and his friend with the pumpkin-sized head
The Curse of Millhaven,Murder Ballads,"But I never crucified little Biko, that was two junior high school psychos",Stinky Bohoon and his friend with the pumpkin-sized head,"I’ll sing to the lot, now you got me going"
The Curse of Millhaven,Murder Ballads,Stinky Bohoon and his friend with the pumpkin-sized head,"I’ll sing to the lot, now you got me going",La la la la La la la lie
The Curse of Millhaven,Murder Ballads,"I’ll sing to the lot, now you got me going",La la la la La la la lie,All God’s children have all gotta die
The Curse of Millhaven,Murder Ballads,La la la la La la la lie,All God’s children have all gotta die,
The Curse of Millhaven,Murder Ballads,All God’s children have all gotta die,,"There were all of the others, all our sisters and brothers"
The Curse of Millhaven,Murder Ballads,,"There were all of the others, all our sisters and brothers","You assumed were accidents, best forgotten"
The Curse of Millhaven,Murder Ballads,"There were all of the others, all our sisters and brothers","You assumed were accidents, best forgotten",Recall the children who broke through the ice on Lake Tahoo?
The Curse of Millhaven,Murder Ballads,"You assumed were accidents, best forgotten",Recall the children who broke through the ice on Lake Tahoo?,Everyone assumed the “Warning” signs had followed them to the bottom
The Curse of Millhaven,Murder Ballads,Recall the children who broke through the ice on Lake Tahoo?,Everyone assumed the “Warning” signs had followed them to the bottom,"Well, they’re underneath the house where I do quite a bit of stowing"
The Curse of Millhaven,Murder Ballads,Everyone assumed the “Warning” signs had followed them to the bottom,"Well, they’re underneath the house where I do quite a bit of stowing",La la la la La la la lie
The Curse of Millhaven,Murder Ballads,"Well, they’re underneath the house where I do quite a bit of stowing",La la la la La la la lie,"Even twenty little children, they had to die"
The Curse of Millhaven,Murder Ballads,La la la la La la la lie,"Even twenty little children, they had to die",
The Curse of Millhaven,Murder Ballads,"Even twenty little children, they had to die",,And the fire of ‘91 that razed the Bella Vista slum
The Curse of Millhaven,Murder Ballads,,And the fire of ‘91 that razed the Bella Vista slum,There was the biggest shit-fight this country’s ever seen
The Curse of Millhaven,Murder Ballads,And the fire of ‘91 that razed the Bella Vista slum,There was the biggest shit-fight this country’s ever seen,"Insurance companies ruined, land lords getting sued"
The Curse of Millhaven,Murder Ballads,There was the biggest shit-fight this country’s ever seen,"Insurance companies ruined, land lords getting sued",All cause of a wee little girl with a can of gasoline
The Curse of Millhaven,Murder Ballads,"Insurance companies ruined, land lords getting sued",All cause of a wee little girl with a can of gasoline,Those flames really roared when the wind started blowing
The Curse of Millhaven,Murder Ballads,All cause of a wee little girl with a can of gasoline,Those flames really roared when the wind started blowing,La la la la La la la lie
The Curse of Millhaven,Murder Ballads,Those flames really roared when the wind started blowing,La la la la La la la lie,"Rich man, poor man, all got to die"
The Curse of Millhaven,Murder Ballads,La la la la La la la lie,"Rich man, poor man, all got to die",
The Curse of Millhaven,Murder Ballads,"Rich man, poor man, all got to die",,Well I confessed to all these crimes and then they put me on trial
The Curse of Millhaven,Murder Ballads,,Well I confessed to all these crimes and then they put me on trial,I was laughing when they took me away
The Curse of Millhaven,Murder Ballads,Well I confessed to all these crimes and then they put me on trial,I was laughing when they took me away,Off to the asylum in an old black Mariah
The Curse of Millhaven,Murder Ballads,I was laughing when they took me away,Off to the asylum in an old black Mariah,"It ain’t home, but you know, it’s fucking better than jail"
The Curse of Millhaven,Murder Ballads,Off to the asylum in an old black Mariah,"It ain’t home, but you know, it’s fucking better than jail",It ain’t such a bad old place to have a home in
The Curse of Millhaven,Murder Ballads,"It ain’t home, but you know, it’s fucking better than jail",It ain’t such a bad old place to have a home in,La la la la La la la lie
The Curse of Millhaven,Murder Ballads,It ain’t such a bad old place to have a home in,La la la la La la la lie,All God’s children they all gotta die
The Curse of Millhaven,Murder Ballads,La la la la La la la lie,All God’s children they all gotta die,
The Curse of Millhaven,Murder Ballads,All God’s children they all gotta die,,Now I got shrinks that will not rest with their endless Rorschach tests
The Curse of Millhaven,Murder Ballads,,Now I got shrinks that will not rest with their endless Rorschach tests,I keep telling them they’re out to get me
The Curse of Millhaven,Murder Ballads,Now I got shrinks that will not rest with their endless Rorschach tests,I keep telling them they’re out to get me,"They ask me if I feel remorse and I answer, “Why of course!"
The Curse of Millhaven,Murder Ballads,I keep telling them they’re out to get me,"They ask me if I feel remorse and I answer, “Why of course!",There is so much more I could have done if they’d let me!”
The Curse of Millhaven,Murder Ballads,"They ask me if I feel remorse and I answer, “Why of course!",There is so much more I could have done if they’d let me!”,So it’s Rorschach and Prozac and everything is groovy
The Curse of Millhaven,Murder Ballads,There is so much more I could have done if they’d let me!”,So it’s Rorschach and Prozac and everything is groovy,Singing La la la la La la la lie
The Curse of Millhaven,Murder Ballads,So it’s Rorschach and Prozac and everything is groovy,Singing La la la la La la la lie,All God’s children have all gotta die
The Curse of Millhaven,Murder Ballads,Singing La la la la La la la lie,All God’s children have all gotta die,La la la la La la la lie
The Curse of Millhaven,Murder Ballads,All God’s children have all gotta die,La la la la La la la lie,I’m happy as a lark and everything is fine
The Curse of Millhaven,Murder Ballads,La la la la La la la lie,I’m happy as a lark and everything is fine,Singing La la la la La la la lie
The Curse of Millhaven,Murder Ballads,I’m happy as a lark and everything is fine,Singing La la la la La la la lie,"Yeah, everything is groovy and everything is fine"
The Curse of Millhaven,Murder Ballads,Singing La la la la La la la lie,"Yeah, everything is groovy and everything is fine",Singing La la la la La la la lie
The Curse of Millhaven,Murder Ballads,"Yeah, everything is groovy and everything is fine",Singing La la la la La la la lie,All God’s children they all gotta die
The Curse of Millhaven,Murder Ballads,Singing La la la la La la la lie,All God’s children they all gotta die,
The Kindness of Strangers,Murder Ballads,,They found Mary Bellows cuffed to the bed,With a rag in her mouth and a bullet in her head
The Kindness of Strangers,Murder Ballads,They found Mary Bellows cuffed to the bed,With a rag in her mouth and a bullet in her head,O poor Mary Bellows
The Kindness of Strangers,Murder Ballads,With a rag in her mouth and a bullet in her head,O poor Mary Bellows,
The Kindness of Strangers,Murder Ballads,O poor Mary Bellows,,"She’d grown up hungry, she’d grown up poor"
The Kindness of Strangers,Murder Ballads,,"She’d grown up hungry, she’d grown up poor",So she left her home in Arkansas
The Kindness of Strangers,Murder Ballads,"She’d grown up hungry, she’d grown up poor",So she left her home in Arkansas,O poor Mary Bellows
The Kindness of Strangers,Murder Ballads,So she left her home in Arkansas,O poor Mary Bellows,
The Kindness of Strangers,Murder Ballads,O poor Mary Bellows,,She wanted to see the deep blue sea
The Kindness of Strangers,Murder Ballads,,She wanted to see the deep blue sea,She drove across Tennessee
The Kindness of Strangers,Murder Ballads,She wanted to see the deep blue sea,She drove across Tennessee,O poor Mary Bellows
The Kindness of Strangers,Murder Ballads,She drove across Tennessee,O poor Mary Bellows,
The Kindness of Strangers,Murder Ballads,O poor Mary Bellows,,She met a man along the way
The Kindness of Strangers,Murder Ballads,,She met a man along the way,He introduced himself as Richard Slade
The Kindness of Strangers,Murder Ballads,She met a man along the way,He introduced himself as Richard Slade,O poor Mary Bellows
The Kindness of Strangers,Murder Ballads,He introduced himself as Richard Slade,O poor Mary Bellows,
The Kindness of Strangers,Murder Ballads,O poor Mary Bellows,,Poor Mary thought that she might die
The Kindness of Strangers,Murder Ballads,,Poor Mary thought that she might die,When she saw the ocean for the first time
The Kindness of Strangers,Murder Ballads,Poor Mary thought that she might die,When she saw the ocean for the first time,O poor Mary Bellows
The Kindness of Strangers,Murder Ballads,When she saw the ocean for the first time,O poor Mary Bellows,
The Kindness of Strangers,Murder Ballads,O poor Mary Bellows,,She checked into a cheap little place
The Kindness of Strangers,Murder Ballads,,She checked into a cheap little place,Richard Slade carried in her old suitcase
The Kindness of Strangers,Murder Ballads,She checked into a cheap little place,Richard Slade carried in her old suitcase,O poor Mary Bellows
The Kindness of Strangers,Murder Ballads,Richard Slade carried in her old suitcase,O poor Mary Bellows,
The Kindness of Strangers,Murder Ballads,O poor Mary Bellows,,"“I’m a good girl, sir,” she said to him"
The Kindness of Strangers,Murder Ballads,,"“I’m a good girl, sir,” she said to him",I couldn’t possibly permit you in
The Kindness of Strangers,Murder Ballads,"“I’m a good girl, sir,” she said to him",I couldn’t possibly permit you in,O poor Mary Bellows
The Kindness of Strangers,Murder Ballads,I couldn’t possibly permit you in,O poor Mary Bellows,
The Kindness of Strangers,Murder Ballads,O poor Mary Bellows,,Slade tipped his hat and winked his eye
The Kindness of Strangers,Murder Ballads,,Slade tipped his hat and winked his eye,And turned away without goodbye
The Kindness of Strangers,Murder Ballads,Slade tipped his hat and winked his eye,And turned away without goodbye,O poor Mary Bellows
The Kindness of Strangers,Murder Ballads,And turned away without goodbye,O poor Mary Bellows,
The Kindness of Strangers,Murder Ballads,O poor Mary Bellows,,She sat on her bed and thought of home
The Kindness of Strangers,Murder Ballads,,She sat on her bed and thought of home,With the sea breeze whistling all alone
The Kindness of Strangers,Murder Ballads,She sat on her bed and thought of home,With the sea breeze whistling all alone,O poor Mary Bellows
The Kindness of Strangers,Murder Ballads,With the sea breeze whistling all alone,O poor Mary Bellows,
The Kindness of Strangers,Murder Ballads,O poor Mary Bellows,,In hope and loneliness she crossed the floor
The Kindness of Strangers,Murder Ballads,,In hope and loneliness she crossed the floor,And undid the latch on the front door
The Kindness of Strangers,Murder Ballads,In hope and loneliness she crossed the floor,And undid the latch on the front door,O poor Mary Bellows
The Kindness of Strangers,Murder Ballads,And undid the latch on the front door,O poor Mary Bellows,
The Kindness of Strangers,Murder Ballads,O poor Mary Bellows,,They found her next day cuffed to the bed
The Kindness of Strangers,Murder Ballads,,They found her next day cuffed to the bed,A rag in her mouth and a bullet in her head
The Kindness of Strangers,Murder Ballads,They found her next day cuffed to the bed,A rag in her mouth and a bullet in her head,O poor Mary Bellows
The Kindness of Strangers,Murder Ballads,A rag in her mouth and a bullet in her head,O poor Mary Bellows,
The Kindness of Strangers,Murder Ballads,O poor Mary Bellows,,So mothers keep your girls at home
The Kindness of Strangers,Murder Ballads,,So mothers keep your girls at home,Don’t let them journey out alone
The Kindness of Strangers,Murder Ballads,So mothers keep your girls at home,Don’t let them journey out alone,Tell them this world is full of danger
The Kindness of Strangers,Murder Ballads,Don’t let them journey out alone,Tell them this world is full of danger,And to shun the company of strangers
The Kindness of Strangers,Murder Ballads,Tell them this world is full of danger,And to shun the company of strangers,O poor Mary Bellows
The Kindness of Strangers,Murder Ballads,And to shun the company of strangers,O poor Mary Bellows,O poor Mary Bellows
The Kindness of Strangers,Murder Ballads,O poor Mary Bellows,O poor Mary Bellows,
The Kindness of Strangers,Murder Ballads,O poor Mary Bellows,,
Crow Jane,Murder Ballads,,Crow Jane Crow Jane,Crow Jane
Crow Jane,Murder Ballads,Crow Jane Crow Jane,Crow Jane,Horrors in her head
Crow Jane,Murder Ballads,Crow Jane,Horrors in her head,That her tongue dare not name
Crow Jane,Murder Ballads,Horrors in her head,That her tongue dare not name,Lived all alone by the river
Crow Jane,Murder Ballads,That her tongue dare not name,Lived all alone by the river,The rolling rivers of pain
Crow Jane,Murder Ballads,Lived all alone by the river,The rolling rivers of pain,Crow Jane Crow Jane
Crow Jane,Murder Ballads,The rolling rivers of pain,Crow Jane Crow Jane,Crow Jane Ah hah huh
Crow Jane,Murder Ballads,Crow Jane Crow Jane,Crow Jane Ah hah huh,
Crow Jane,Murder Ballads,Crow Jane Ah hah huh,,There is one shining eye on a hard-hat
Crow Jane,Murder Ballads,,There is one shining eye on a hard-hat,Company closed down the mine
Crow Jane,Murder Ballads,There is one shining eye on a hard-hat,Company closed down the mine,Winking on the waters they came
Crow Jane,Murder Ballads,Company closed down the mine,Winking on the waters they came,"Twenty hard-hats, twenty eyes"
Crow Jane,Murder Ballads,Winking on the waters they came,"Twenty hard-hats, twenty eyes",In her clapboard shack
Crow Jane,Murder Ballads,"Twenty hard-hats, twenty eyes",In her clapboard shack,Just six foot by five
Crow Jane,Murder Ballads,In her clapboard shack,Just six foot by five,They killed all her whiskey
Crow Jane,Murder Ballads,Just six foot by five,They killed all her whiskey,Poured their pistols dry
Crow Jane,Murder Ballads,They killed all her whiskey,Poured their pistols dry,Crow Jane Crow Jane
Crow Jane,Murder Ballads,Poured their pistols dry,Crow Jane Crow Jane,Crow Jane Ah hah huh
Crow Jane,Murder Ballads,Crow Jane Crow Jane,Crow Jane Ah hah huh,
Crow Jane,Murder Ballads,Crow Jane Ah hah huh,,Seems you’ve remembered
Crow Jane,Murder Ballads,,Seems you’ve remembered,"How to sleep, how to sleep"
Crow Jane,Murder Ballads,Seems you’ve remembered,"How to sleep, how to sleep",The house dogs are in your turnips
Crow Jane,Murder Ballads,"How to sleep, how to sleep",The house dogs are in your turnips,And your yard dogs are running all over the streets
Crow Jane,Murder Ballads,The house dogs are in your turnips,And your yard dogs are running all over the streets,Crow Jane Crow Jane
Crow Jane,Murder Ballads,And your yard dogs are running all over the streets,Crow Jane Crow Jane,Crow Jane Ah hah huh
Crow Jane,Murder Ballads,Crow Jane Crow Jane,Crow Jane Ah hah huh,
Crow Jane,Murder Ballads,Crow Jane Ah hah huh,,“O Mr. Smith and Mr. Wesson
Crow Jane,Murder Ballads,,“O Mr. Smith and Mr. Wesson,Why you close up shop so late?”
Crow Jane,Murder Ballads,“O Mr. Smith and Mr. Wesson,Why you close up shop so late?”,“Just fitted out a girl who looked like a bird
Crow Jane,Murder Ballads,Why you close up shop so late?”,“Just fitted out a girl who looked like a bird,"Measured .32, .44, .38"
Crow Jane,Murder Ballads,“Just fitted out a girl who looked like a bird,"Measured .32, .44, .38",Asked that girl which road she was taking
Crow Jane,Murder Ballads,"Measured .32, .44, .38",Asked that girl which road she was taking,Said she was walking the road of hate
Crow Jane,Murder Ballads,Asked that girl which road she was taking,Said she was walking the road of hate,But she hopped on a coal-trolley up to New Haven
Crow Jane,Murder Ballads,Said she was walking the road of hate,But she hopped on a coal-trolley up to New Haven,Population: 48”
Crow Jane,Murder Ballads,But she hopped on a coal-trolley up to New Haven,Population: 48”,Crow Jane Crow Jane
Crow Jane,Murder Ballads,Population: 48”,Crow Jane Crow Jane,Crow Jane Ah hah huh
Crow Jane,Murder Ballads,Crow Jane Crow Jane,Crow Jane Ah hah huh,
Crow Jane,Murder Ballads,Crow Jane Ah hah huh,,Your guns are drunk and smoking
Crow Jane,Murder Ballads,,Your guns are drunk and smoking,They have followed you to the gate
Crow Jane,Murder Ballads,Your guns are drunk and smoking,They have followed you to the gate,Laughing all the way back from the new town
Crow Jane,Murder Ballads,They have followed you to the gate,Laughing all the way back from the new town,"Population, now, 28"
Crow Jane,Murder Ballads,Laughing all the way back from the new town,"Population, now, 28",Crow Jane Crow Jane
Crow Jane,Murder Ballads,"Population, now, 28",Crow Jane Crow Jane,Crow Jane Ah hah huh
Crow Jane,Murder Ballads,Crow Jane Crow Jane,Crow Jane Ah hah huh,
O’Malley’s Bar,Murder Ballads,,I am tall and I am thin,Of an enviable height
O’Malley’s Bar,Murder Ballads,I am tall and I am thin,Of an enviable height,And I’ve been known to be quite handsome
O’Malley’s Bar,Murder Ballads,Of an enviable height,And I’ve been known to be quite handsome,From a certain angle and in a certain light
O’Malley’s Bar,Murder Ballads,And I’ve been known to be quite handsome,From a certain angle and in a certain light,Well I entered into O’Malley’s
O’Malley’s Bar,Murder Ballads,From a certain angle and in a certain light,Well I entered into O’Malley’s,"Said, “O’Malley I have a thirst”"
O’Malley’s Bar,Murder Ballads,Well I entered into O’Malley’s,"Said, “O’Malley I have a thirst”",O’Malley merely smiled at me
O’Malley’s Bar,Murder Ballads,"Said, “O’Malley I have a thirst”",O’Malley merely smiled at me,Said “You wouldn’t be the first”
O’Malley’s Bar,Murder Ballads,O’Malley merely smiled at me,Said “You wouldn’t be the first”,I knocked on the bar and pointed
O’Malley’s Bar,Murder Ballads,Said “You wouldn’t be the first”,I knocked on the bar and pointed,To a bottle on the shelf
O’Malley’s Bar,Murder Ballads,I knocked on the bar and pointed,To a bottle on the shelf,And as O’Malley poured me out a drink
O’Malley’s Bar,Murder Ballads,To a bottle on the shelf,And as O’Malley poured me out a drink,I sniffed and crossed myself
O’Malley’s Bar,Murder Ballads,And as O’Malley poured me out a drink,I sniffed and crossed myself,My hand decided that the time was nigh
O’Malley’s Bar,Murder Ballads,I sniffed and crossed myself,My hand decided that the time was nigh,And for a moment it slipped from view
O’Malley’s Bar,Murder Ballads,My hand decided that the time was nigh,And for a moment it slipped from view,"And when it returned, it fairly burned"
O’Malley’s Bar,Murder Ballads,And for a moment it slipped from view,"And when it returned, it fairly burned",With confidence anew
O’Malley’s Bar,Murder Ballads,"And when it returned, it fairly burned",With confidence anew,Well the thunder from my steely fist
O’Malley’s Bar,Murder Ballads,With confidence anew,Well the thunder from my steely fist,Made all the glasses jangle
O’Malley’s Bar,Murder Ballads,Well the thunder from my steely fist,Made all the glasses jangle,"When I shot him, I was so handsome"
O’Malley’s Bar,Murder Ballads,Made all the glasses jangle,"When I shot him, I was so handsome","It was the light, it was the angle"
O’Malley’s Bar,Murder Ballads,"When I shot him, I was so handsome","It was the light, it was the angle",
O’Malley’s Bar,Murder Ballads,"It was the light, it was the angle",,Huh! Hmmmmm
O’Malley’s Bar,Murder Ballads,,Huh! Hmmmmm,
O’Malley’s Bar,Murder Ballads,Huh! Hmmmmm,,"“Neighbours!” I cried, “Friends!” I screamed"
O’Malley’s Bar,Murder Ballads,,"“Neighbours!” I cried, “Friends!” I screamed",I banged my fist upon the bar
O’Malley’s Bar,Murder Ballads,"“Neighbours!” I cried, “Friends!” I screamed",I banged my fist upon the bar,“I bear no grudge against you!”
O’Malley’s Bar,Murder Ballads,I banged my fist upon the bar,“I bear no grudge against you!”,And my dick felt long and hard
O’Malley’s Bar,Murder Ballads,“I bear no grudge against you!”,And my dick felt long and hard,“I am the man for which no God waits
O’Malley’s Bar,Murder Ballads,And my dick felt long and hard,“I am the man for which no God waits,For which the whole world yearns
O’Malley’s Bar,Murder Ballads,“I am the man for which no God waits,For which the whole world yearns,I’m marked by darkness and by blood
O’Malley’s Bar,Murder Ballads,For which the whole world yearns,I’m marked by darkness and by blood,And one thousand powder-burns”
O’Malley’s Bar,Murder Ballads,I’m marked by darkness and by blood,And one thousand powder-burns”,"Well, you know those fish with the swollen lips"
O’Malley’s Bar,Murder Ballads,And one thousand powder-burns”,"Well, you know those fish with the swollen lips",That clean the ocean floor?
O’Malley’s Bar,Murder Ballads,"Well, you know those fish with the swollen lips",That clean the ocean floor?,When I looked at poor O’Malley’s wife
O’Malley’s Bar,Murder Ballads,That clean the ocean floor?,When I looked at poor O’Malley’s wife,That is exactly what I saw
O’Malley’s Bar,Murder Ballads,When I looked at poor O’Malley’s wife,That is exactly what I saw,I jammed the barrel under her chin
O’Malley’s Bar,Murder Ballads,That is exactly what I saw,I jammed the barrel under her chin,And her face looked raw and vicious
O’Malley’s Bar,Murder Ballads,I jammed the barrel under her chin,And her face looked raw and vicious,Her head it landed in the sink
O’Malley’s Bar,Murder Ballads,And her face looked raw and vicious,Her head it landed in the sink,With all the dirty dishes
O’Malley’s Bar,Murder Ballads,Her head it landed in the sink,With all the dirty dishes,Her little daughter Siobhan
O’Malley’s Bar,Murder Ballads,With all the dirty dishes,Her little daughter Siobhan,Pulled beers from dusk till dawn
O’Malley’s Bar,Murder Ballads,Her little daughter Siobhan,Pulled beers from dusk till dawn,"And amongst the townfolk, she was a bit of a joke"
O’Malley’s Bar,Murder Ballads,Pulled beers from dusk till dawn,"And amongst the townfolk, she was a bit of a joke",But she pulled the best beers in town
O’Malley’s Bar,Murder Ballads,"And amongst the townfolk, she was a bit of a joke",But she pulled the best beers in town,I swooped magnificent upon her
O’Malley’s Bar,Murder Ballads,But she pulled the best beers in town,I swooped magnificent upon her,As she sat shivering in her grief
O’Malley’s Bar,Murder Ballads,I swooped magnificent upon her,As she sat shivering in her grief,Like the Madonna painted on the church-house wall
O’Malley’s Bar,Murder Ballads,As she sat shivering in her grief,Like the Madonna painted on the church-house wall,In whale’s blood and banana leaf
O’Malley’s Bar,Murder Ballads,Like the Madonna painted on the church-house wall,In whale’s blood and banana leaf,Her throat it crumbled in my fist
O’Malley’s Bar,Murder Ballads,In whale’s blood and banana leaf,Her throat it crumbled in my fist,And I spun heroically around
O’Malley’s Bar,Murder Ballads,Her throat it crumbled in my fist,And I spun heroically around,To see Caffrey rising from his chair
O’Malley’s Bar,Murder Ballads,And I spun heroically around,To see Caffrey rising from his chair,I shot that mother fucker down
O’Malley’s Bar,Murder Ballads,To see Caffrey rising from his chair,I shot that mother fucker down,
O’Malley’s Bar,Murder Ballads,I shot that mother fucker down,,Mmmmmmmmm Yeah Yeah Yeah
O’Malley’s Bar,Murder Ballads,,Mmmmmmmmm Yeah Yeah Yeah,
O’Malley’s Bar,Murder Ballads,Mmmmmmmmm Yeah Yeah Yeah,,"“I have no free will,” I sang"
O’Malley’s Bar,Murder Ballads,,"“I have no free will,” I sang",As I flew about the murder
O’Malley’s Bar,Murder Ballads,"“I have no free will,” I sang",As I flew about the murder,"Mrs. Richard Holmes, she screamed"
O’Malley’s Bar,Murder Ballads,As I flew about the murder,"Mrs. Richard Holmes, she screamed",You really should have heard her
O’Malley’s Bar,Murder Ballads,"Mrs. Richard Holmes, she screamed",You really should have heard her,"I sang and I laughed, I howled and I wept"
O’Malley’s Bar,Murder Ballads,You really should have heard her,"I sang and I laughed, I howled and I wept",I panted like a pup
O’Malley’s Bar,Murder Ballads,"I sang and I laughed, I howled and I wept",I panted like a pup,I blew a hole in Mrs. Richard Holmes
O’Malley’s Bar,Murder Ballads,I panted like a pup,I blew a hole in Mrs. Richard Holmes,And her husband he stood up
O’Malley’s Bar,Murder Ballads,I blew a hole in Mrs. Richard Holmes,And her husband he stood up,"And he screamed, “You are an evil man”"
O’Malley’s Bar,Murder Ballads,And her husband he stood up,"And he screamed, “You are an evil man”",And I paused a while to wonder
O’Malley’s Bar,Murder Ballads,"And he screamed, “You are an evil man”",And I paused a while to wonder,“If I have no free will then how can I
O’Malley’s Bar,Murder Ballads,And I paused a while to wonder,“If I have no free will then how can I,"Be morally culpable, I wonder”"
O’Malley’s Bar,Murder Ballads,“If I have no free will then how can I,"Be morally culpable, I wonder”",I shot Richard Holmes in the stomach
O’Malley’s Bar,Murder Ballads,"Be morally culpable, I wonder”",I shot Richard Holmes in the stomach,And gingerly he sat down
O’Malley’s Bar,Murder Ballads,I shot Richard Holmes in the stomach,And gingerly he sat down,"And he whispered weirdly, “No offense”"
O’Malley’s Bar,Murder Ballads,And gingerly he sat down,"And he whispered weirdly, “No offense”",And lay upon the ground
O’Malley’s Bar,Murder Ballads,"And he whispered weirdly, “No offense”",And lay upon the ground,"“None taken,” I replied to him"
O’Malley’s Bar,Murder Ballads,And lay upon the ground,"“None taken,” I replied to him",With which he gave a little cough
O’Malley’s Bar,Murder Ballads,"“None taken,” I replied to him",With which he gave a little cough,With blazing wings I neatly aimed
O’Malley’s Bar,Murder Ballads,With which he gave a little cough,With blazing wings I neatly aimed,And blew his head completely off
O’Malley’s Bar,Murder Ballads,With blazing wings I neatly aimed,And blew his head completely off,I’ve lived in this town for thirty years
O’Malley’s Bar,Murder Ballads,And blew his head completely off,I’ve lived in this town for thirty years,And to no-one am I a stranger
O’Malley’s Bar,Murder Ballads,I’ve lived in this town for thirty years,And to no-one am I a stranger,And I put new bullets in my gun
O’Malley’s Bar,Murder Ballads,And to no-one am I a stranger,And I put new bullets in my gun,Chamber upon chamber
O’Malley’s Bar,Murder Ballads,And I put new bullets in my gun,Chamber upon chamber,And when I turned my gun on the bird-like Mr. Brookes
O’Malley’s Bar,Murder Ballads,Chamber upon chamber,And when I turned my gun on the bird-like Mr. Brookes,I thought of Saint Francis and his sparrows
O’Malley’s Bar,Murder Ballads,And when I turned my gun on the bird-like Mr. Brookes,I thought of Saint Francis and his sparrows,And as I shot down the youthful Richardson
O’Malley’s Bar,Murder Ballads,I thought of Saint Francis and his sparrows,And as I shot down the youthful Richardson,"It was St. Sebastian I thought of, and his arrows"
O’Malley’s Bar,Murder Ballads,And as I shot down the youthful Richardson,"It was St. Sebastian I thought of, and his arrows",
O’Malley’s Bar,Murder Ballads,"It was St. Sebastian I thought of, and his arrows",,Hhhhhhhhhhhh Mmmmmmmmm
O’Malley’s Bar,Murder Ballads,,Hhhhhhhhhhhh Mmmmmmmmm,
O’Malley’s Bar,Murder Ballads,Hhhhhhhhhhhh Mmmmmmmmm,,"I said, “I want to introduce myself"
O’Malley’s Bar,Murder Ballads,,"I said, “I want to introduce myself",And I am glad that you all came”
O’Malley’s Bar,Murder Ballads,"I said, “I want to introduce myself",And I am glad that you all came”,And I leapt upon the bar
O’Malley’s Bar,Murder Ballads,And I am glad that you all came”,And I leapt upon the bar,And shouted out my name
O’Malley’s Bar,Murder Ballads,And I leapt upon the bar,And shouted out my name,"Well Jerry Bellows, he hugged his stool"
O’Malley’s Bar,Murder Ballads,And shouted out my name,"Well Jerry Bellows, he hugged his stool",Closed his eyes and shrugged and laughed
O’Malley’s Bar,Murder Ballads,"Well Jerry Bellows, he hugged his stool",Closed his eyes and shrugged and laughed,And with an ashtray as big as a fucking big brick
O’Malley’s Bar,Murder Ballads,Closed his eyes and shrugged and laughed,And with an ashtray as big as a fucking big brick,I split his head in half
O’Malley’s Bar,Murder Ballads,And with an ashtray as big as a fucking big brick,I split his head in half,His blood spilled across the bar
O’Malley’s Bar,Murder Ballads,I split his head in half,His blood spilled across the bar,Like a steaming scarlet brook
O’Malley’s Bar,Murder Ballads,His blood spilled across the bar,Like a steaming scarlet brook,And I knelt at it’s edge on the counter
O’Malley’s Bar,Murder Ballads,Like a steaming scarlet brook,And I knelt at it’s edge on the counter,Wiped the tears away and looked
O’Malley’s Bar,Murder Ballads,And I knelt at it’s edge on the counter,Wiped the tears away and looked,"Well, the light in there was blinding"
O’Malley’s Bar,Murder Ballads,Wiped the tears away and looked,"Well, the light in there was blinding",Full of God and ghosts and truth
O’Malley’s Bar,Murder Ballads,"Well, the light in there was blinding",Full of God and ghosts and truth,I smiled at Henry Davenport
O’Malley’s Bar,Murder Ballads,Full of God and ghosts and truth,I smiled at Henry Davenport,Who made an attempt to move
O’Malley’s Bar,Murder Ballads,I smiled at Henry Davenport,Who made an attempt to move,"Well, from the position I was standing"
O’Malley’s Bar,Murder Ballads,Who made an attempt to move,"Well, from the position I was standing",The strangest thing I ever saw
O’Malley’s Bar,Murder Ballads,"Well, from the position I was standing",The strangest thing I ever saw,The bullet entered through the top of his chest
O’Malley’s Bar,Murder Ballads,The strangest thing I ever saw,The bullet entered through the top of his chest,And blew his bowels out on the floor
O’Malley’s Bar,Murder Ballads,The bullet entered through the top of his chest,And blew his bowels out on the floor,Well I floated down the counter
O’Malley’s Bar,Murder Ballads,And blew his bowels out on the floor,Well I floated down the counter,Showing no remorse
O’Malley’s Bar,Murder Ballads,Well I floated down the counter,Showing no remorse,I shot a hole in Kathleen Carpenter
O’Malley’s Bar,Murder Ballads,Showing no remorse,I shot a hole in Kathleen Carpenter,Recently divorced
O’Malley’s Bar,Murder Ballads,I shot a hole in Kathleen Carpenter,Recently divorced,But remorse I felt and remorse I had
O’Malley’s Bar,Murder Ballads,Recently divorced,But remorse I felt and remorse I had,It clung to every thing
O’Malley’s Bar,Murder Ballads,But remorse I felt and remorse I had,It clung to every thing,From the raven’s hair upon my head
O’Malley’s Bar,Murder Ballads,It clung to every thing,From the raven’s hair upon my head,To the feathers on my wings
O’Malley’s Bar,Murder Ballads,From the raven’s hair upon my head,To the feathers on my wings,Remorse squeezed my hand in it’s fraudulent claw
O’Malley’s Bar,Murder Ballads,To the feathers on my wings,Remorse squeezed my hand in it’s fraudulent claw,With it’s golden hairless chest
O’Malley’s Bar,Murder Ballads,Remorse squeezed my hand in it’s fraudulent claw,With it’s golden hairless chest,And I glided through the bodies
O’Malley’s Bar,Murder Ballads,With it’s golden hairless chest,And I glided through the bodies,And killed the fat man Vincent West
O’Malley’s Bar,Murder Ballads,And I glided through the bodies,And killed the fat man Vincent West,Who sat quietly in his chair
O’Malley’s Bar,Murder Ballads,And killed the fat man Vincent West,Who sat quietly in his chair,A man become a child
O’Malley’s Bar,Murder Ballads,Who sat quietly in his chair,A man become a child,And I raised the gun up to his head
O’Malley’s Bar,Murder Ballads,A man become a child,And I raised the gun up to his head,Executioner-style
O’Malley’s Bar,Murder Ballads,And I raised the gun up to his head,Executioner-style,He made no attempt to resist
O’Malley’s Bar,Murder Ballads,Executioner-style,He made no attempt to resist,So fat and dull and lazy
O’Malley’s Bar,Murder Ballads,He made no attempt to resist,So fat and dull and lazy,“Do you know I lived in your street?” I cried
O’Malley’s Bar,Murder Ballads,So fat and dull and lazy,“Do you know I lived in your street?” I cried,And he looked at me as though I were crazy
O’Malley’s Bar,Murder Ballads,“Do you know I lived in your street?” I cried,And he looked at me as though I were crazy,"“O”, he said, “I had no idea”"
O’Malley’s Bar,Murder Ballads,And he looked at me as though I were crazy,"“O”, he said, “I had no idea”",And he grew as quiet as a mouse
O’Malley’s Bar,Murder Ballads,"“O”, he said, “I had no idea”",And he grew as quiet as a mouse,And the roar of the pistol when it went off
O’Malley’s Bar,Murder Ballads,And he grew as quiet as a mouse,And the roar of the pistol when it went off,Near blew the hat right off the house
O’Malley’s Bar,Murder Ballads,And the roar of the pistol when it went off,Near blew the hat right off the house,
O’Malley’s Bar,Murder Ballads,Near blew the hat right off the house,,"Well, I caught my eye in the mirror"
O’Malley’s Bar,Murder Ballads,,"Well, I caught my eye in the mirror",And gave it a long and loving inspection
O’Malley’s Bar,Murder Ballads,"Well, I caught my eye in the mirror",And gave it a long and loving inspection,"“There stands some kind of man”, I roared"
O’Malley’s Bar,Murder Ballads,And gave it a long and loving inspection,"“There stands some kind of man”, I roared","And there did, in the reflection"
O’Malley’s Bar,Murder Ballads,"“There stands some kind of man”, I roared","And there did, in the reflection",My hair combed back like a raven’s wing
O’Malley’s Bar,Murder Ballads,"And there did, in the reflection",My hair combed back like a raven’s wing,My muscles hard and tight
O’Malley’s Bar,Murder Ballads,My hair combed back like a raven’s wing,My muscles hard and tight,And curling from the business end of my gun
O’Malley’s Bar,Murder Ballads,My muscles hard and tight,And curling from the business end of my gun,Was a query-mark of cordite
O’Malley’s Bar,Murder Ballads,And curling from the business end of my gun,Was a query-mark of cordite,"Well I spun to the left, I spun to the right"
O’Malley’s Bar,Murder Ballads,Was a query-mark of cordite,"Well I spun to the left, I spun to the right",And I spun to the left again
O’Malley’s Bar,Murder Ballads,"Well I spun to the left, I spun to the right",And I spun to the left again,“Fear me! Fear me!”
O’Malley’s Bar,Murder Ballads,And I spun to the left again,“Fear me! Fear me!”,But no one did cause they were dead
O’Malley’s Bar,Murder Ballads,“Fear me! Fear me!”,But no one did cause they were dead,
O’Malley’s Bar,Murder Ballads,But no one did cause they were dead,,Huh! Hmmmmmmmm
O’Malley’s Bar,Murder Ballads,,Huh! Hmmmmmmmm,
O’Malley’s Bar,Murder Ballads,Huh! Hmmmmmmmm,,And then there were the police sirens wailing
O’Malley’s Bar,Murder Ballads,,And then there were the police sirens wailing,And a bull-horn squelched and blared
O’Malley’s Bar,Murder Ballads,And then there were the police sirens wailing,And a bull-horn squelched and blared,“Drop your weapons and come out
O’Malley’s Bar,Murder Ballads,And a bull-horn squelched and blared,“Drop your weapons and come out,With your hands held in the air”
O’Malley’s Bar,Murder Ballads,“Drop your weapons and come out,With your hands held in the air”,"Well, I checked the chambers of my gun"
O’Malley’s Bar,Murder Ballads,With your hands held in the air”,"Well, I checked the chambers of my gun",Saw I had one final bullet left
O’Malley’s Bar,Murder Ballads,"Well, I checked the chambers of my gun",Saw I had one final bullet left,"My hand, it looked almost human"
O’Malley’s Bar,Murder Ballads,Saw I had one final bullet left,"My hand, it looked almost human",As I held it to my head
O’Malley’s Bar,Murder Ballads,"My hand, it looked almost human",As I held it to my head,“Drop your weapon and come out!
O’Malley’s Bar,Murder Ballads,As I held it to my head,“Drop your weapon and come out!,Keep your hands above your head!”
O’Malley’s Bar,Murder Ballads,“Drop your weapon and come out!,Keep your hands above your head!”,"Well, I had one long hard think about dying"
O’Malley’s Bar,Murder Ballads,Keep your hands above your head!”,"Well, I had one long hard think about dying",And did exactly what they said
O’Malley’s Bar,Murder Ballads,"Well, I had one long hard think about dying",And did exactly what they said,There must have been fifty cops out there
O’Malley’s Bar,Murder Ballads,And did exactly what they said,There must have been fifty cops out there,In a circle around O’Malley’s bar
O’Malley’s Bar,Murder Ballads,There must have been fifty cops out there,In a circle around O’Malley’s bar,"“Don’t shoot”, I cried, “I’m a man unarmed!”"
O’Malley’s Bar,Murder Ballads,In a circle around O’Malley’s bar,"“Don’t shoot”, I cried, “I’m a man unarmed!”",So they put me in their car
O’Malley’s Bar,Murder Ballads,"“Don’t shoot”, I cried, “I’m a man unarmed!”",So they put me in their car,And they sped me away from that terrible scene
O’Malley’s Bar,Murder Ballads,So they put me in their car,And they sped me away from that terrible scene,And I glanced out of the window
O’Malley’s Bar,Murder Ballads,And they sped me away from that terrible scene,And I glanced out of the window,"Saw O’Malley’s bar, saw the cops and the cars"
O’Malley’s Bar,Murder Ballads,And I glanced out of the window,"Saw O’Malley’s bar, saw the cops and the cars",And started counting on my fingers
O’Malley’s Bar,Murder Ballads,"Saw O’Malley’s bar, saw the cops and the cars",And started counting on my fingers,
O’Malley’s Bar,Murder Ballads,And started counting on my fingers,,Aaaaaaaaah One Aaaaaaaah Two Aaaaaah Three Aaaah Four
O’Malley’s Bar,Murder Ballads,,Aaaaaaaaah One Aaaaaaaah Two Aaaaaah Three Aaaah Four,O’Malley’s bar O’Malley’s bar
O’Malley’s Bar,Murder Ballads,Aaaaaaaaah One Aaaaaaaah Two Aaaaaah Three Aaaah Four,O’Malley’s bar O’Malley’s bar,
Death is Not the End,Murder Ballads,,When you’re sad and when you’re lonely,And you haven’t got a friend
Death is Not the End,Murder Ballads,When you’re sad and when you’re lonely,And you haven’t got a friend,Just remember that death is not the end
Death is Not the End,Murder Ballads,And you haven’t got a friend,Just remember that death is not the end,
Death is Not the End,Murder Ballads,Just remember that death is not the end,,And all that you held sacred
Death is Not the End,Murder Ballads,,And all that you held sacred,Falls down and does not mend
Death is Not the End,Murder Ballads,And all that you held sacred,Falls down and does not mend,Just remember that death is not the end
Death is Not the End,Murder Ballads,Falls down and does not mend,Just remember that death is not the end,"Not the end, not the end"
Death is Not the End,Murder Ballads,Just remember that death is not the end,"Not the end, not the end",Just remember that death is not the end
Death is Not the End,Murder Ballads,"Not the end, not the end",Just remember that death is not the end,
Death is Not the End,Murder Ballads,Just remember that death is not the end,,When you’re standing on the crossroads
Death is Not the End,Murder Ballads,,When you’re standing on the crossroads,That you cannot comprehend
Death is Not the End,Murder Ballads,When you’re standing on the crossroads,That you cannot comprehend,Just remember that death is not the end
Death is Not the End,Murder Ballads,That you cannot comprehend,Just remember that death is not the end,
Death is Not the End,Murder Ballads,Just remember that death is not the end,,And all your dreams have vanished
Death is Not the End,Murder Ballads,,And all your dreams have vanished,And you don’t know what’s up the bend
Death is Not the End,Murder Ballads,And all your dreams have vanished,And you don’t know what’s up the bend,Just remember that death is not the end
Death is Not the End,Murder Ballads,And you don’t know what’s up the bend,Just remember that death is not the end,"Not the end, not the end"
Death is Not the End,Murder Ballads,Just remember that death is not the end,"Not the end, not the end",Just remember that death is not the end
Death is Not the End,Murder Ballads,"Not the end, not the end",Just remember that death is not the end,
Death is Not the End,Murder Ballads,Just remember that death is not the end,,When the storm clouds gather round you
Death is Not the End,Murder Ballads,,When the storm clouds gather round you,And heavy rains descend
Death is Not the End,Murder Ballads,When the storm clouds gather round you,And heavy rains descend,Just remember that death is not the end
Death is Not the End,Murder Ballads,And heavy rains descend,Just remember that death is not the end,
Death is Not the End,Murder Ballads,Just remember that death is not the end,,And there is no-one there to comfort you
Death is Not the End,Murder Ballads,,And there is no-one there to comfort you,With a helping hand to lend
Death is Not the End,Murder Ballads,And there is no-one there to comfort you,With a helping hand to lend,Just remember that death is not the end
Death is Not the End,Murder Ballads,With a helping hand to lend,Just remember that death is not the end,"Not the end, not the end"
Death is Not the End,Murder Ballads,Just remember that death is not the end,"Not the end, not the end",Just remember that death is not the end
Death is Not the End,Murder Ballads,"Not the end, not the end",Just remember that death is not the end,
Death is Not the End,Murder Ballads,Just remember that death is not the end,,For the tree of life is growing
Death is Not the End,Murder Ballads,,For the tree of life is growing,Where the spirit never dies
Death is Not the End,Murder Ballads,For the tree of life is growing,Where the spirit never dies,And the bright light of salvation
Death is Not the End,Murder Ballads,Where the spirit never dies,And the bright light of salvation,Up in dark and empty skies
Death is Not the End,Murder Ballads,And the bright light of salvation,Up in dark and empty skies,When the cities are on fire
Death is Not the End,Murder Ballads,Up in dark and empty skies,When the cities are on fire,With the burning flesh of men
Death is Not the End,Murder Ballads,When the cities are on fire,With the burning flesh of men,Just remember that death is not the end
Death is Not the End,Murder Ballads,With the burning flesh of men,Just remember that death is not the end,
Death is Not the End,Murder Ballads,Just remember that death is not the end,,And you search in vain to find
Death is Not the End,Murder Ballads,,And you search in vain to find,Some law-abiding citizen
Death is Not the End,Murder Ballads,And you search in vain to find,Some law-abiding citizen,Just remember that death is not the end
Death is Not the End,Murder Ballads,Some law-abiding citizen,Just remember that death is not the end,"Not the end, not the end"
Death is Not the End,Murder Ballads,Just remember that death is not the end,"Not the end, not the end",Just remember that death is not the end
Death is Not the End,Murder Ballads,"Not the end, not the end",Just remember that death is not the end,"Not the end, not the end"
Death is Not the End,Murder Ballads,Just remember that death is not the end,"Not the end, not the end",Just remember that death is not the end
Death is Not the End,Murder Ballads,"Not the end, not the end",Just remember that death is not the end,
Death is Not the End,Murder Ballads,Just remember that death is not the end,,